date,item_id,store_id,sales
2014-01-01,SKU_A,S1,4
2014-01-01,SKU_A,S2,4
2014-01-01,SKU_B,S1,6
2014-01-01,SKU_B,S2,5
2014-01-01,SKU_C,S1,4
2014-01-01,SKU_C,S2,3
2014-01-02,SKU_A,S1,5
2014-01-02,SKU_A,S2,4
2014-01-02,SKU_B,S1,5
2014-01-02,SKU_B,S2,5
2014-01-02,SKU_C,S1,3
2014-01-02,SKU_C,S2,2
2014-01-03,SKU_A,S1,4
2014-01-03,SKU_A,S2,4
2014-01-03,SKU_B,S1,6
2014-01-03,SKU_B,S2,6
2014-01-03,SKU_C,S1,3
2014-01-03,SKU_C,S2,3
2014-01-04,SKU_A,S1,4
2014-01-04,SKU_A,S2,3
2014-01-04,SKU_B,S1,7
2014-01-04,SKU_B,S2,6
2014-01-04,SKU_C,S1,4
2014-01-04,SKU_C,S2,3
2014-01-05,SKU_A,S1,4
2014-01-05,SKU_A,S2,4
2014-01-05,SKU_B,S1,7
2014-01-05,SKU_B,S2,6
2014-01-05,SKU_C,S1,3
2014-01-05,SKU_C,S2,3
2014-01-06,SKU_A,S1,4
2014-01-06,SKU_A,S2,3
2014-01-06,SKU_B,S1,6
2014-01-06,SKU_B,S2,6
2014-01-06,SKU_C,S1,3
2014-01-06,SKU_C,S2,2
2014-01-07,SKU_A,S1,5
2014-01-07,SKU_A,S2,4
2014-01-07,SKU_B,S1,6
2014-01-07,SKU_B,S2,6
2014-01-07,SKU_C,S1,3
2014-01-07,SKU_C,S2,3
2014-01-08,SKU_A,S1,4
2014-01-08,SKU_A,S2,3
2014-01-08,SKU_B,S1,7
2014-01-08,SKU_B,S2,6
2014-01-08,SKU_C,S1,3
2014-01-08,SKU_C,S2,3
2014-01-09,SKU_A,S1,4
2014-01-09,SKU_A,S2,4
2014-01-09,SKU_B,S1,6
2014-01-09,SKU_B,S2,6
2014-01-09,SKU_C,S1,4
2014-01-09,SKU_C,S2,3
2014-01-10,SKU_A,S1,4
2014-01-10,SKU_A,S2,4
2014-01-10,SKU_B,S1,6
2014-01-10,SKU_B,S2,6
2014-01-10,SKU_C,S1,3
2014-01-10,SKU_C,S2,3
2014-01-11,SKU_A,S1,5
2014-01-11,SKU_A,S2,5
2014-01-11,SKU_B,S1,6
2014-01-11,SKU_B,S2,6
2014-01-11,SKU_C,S1,3
2014-01-11,SKU_C,S2,2
2014-01-12,SKU_A,S1,4
2014-01-12,SKU_A,S2,3
2014-01-12,SKU_B,S1,7
2014-01-12,SKU_B,S2,6
2014-01-12,SKU_C,S1,4
2014-01-12,SKU_C,S2,3
2014-01-13,SKU_A,S1,4
2014-01-13,SKU_A,S2,4
2014-01-13,SKU_B,S1,6
2014-01-13,SKU_B,S2,5
2014-01-13,SKU_C,S1,3
2014-01-13,SKU_C,S2,2
2014-01-14,SKU_A,S1,5
2014-01-14,SKU_A,S2,4
2014-01-14,SKU_B,S1,7
2014-01-14,SKU_B,S2,6
2014-01-14,SKU_C,S1,4
2014-01-14,SKU_C,S2,3
2014-01-15,SKU_A,S1,4
2014-01-15,SKU_A,S2,3
2014-01-15,SKU_B,S1,6
2014-01-15,SKU_B,S2,6
2014-01-15,SKU_C,S1,3
2014-01-15,SKU_C,S2,3
2014-01-16,SKU_A,S1,4
2014-01-16,SKU_A,S2,4
2014-01-16,SKU_B,S1,7
2014-01-16,SKU_B,S2,6
2014-01-16,SKU_C,S1,3
2014-01-16,SKU_C,S2,3
2014-01-17,SKU_A,S1,5
2014-01-17,SKU_A,S2,4
2014-01-17,SKU_B,S1,6
2014-01-17,SKU_B,S2,6
2014-01-17,SKU_C,S1,3
2014-01-17,SKU_C,S2,3
2014-01-18,SKU_A,S1,5
2014-01-18,SKU_A,S2,4
2014-01-18,SKU_B,S1,6
2014-01-18,SKU_B,S2,5
2014-01-18,SKU_C,S1,3
2014-01-18,SKU_C,S2,3
2014-01-19,SKU_A,S1,4
2014-01-19,SKU_A,S2,4
2014-01-19,SKU_B,S1,6
2014-01-19,SKU_B,S2,5
2014-01-19,SKU_C,S1,3
2014-01-19,SKU_C,S2,3
2014-01-20,SKU_A,S1,5
2014-01-20,SKU_A,S2,5
2014-01-20,SKU_B,S1,6
2014-01-20,SKU_B,S2,5
2014-01-20,SKU_C,S1,4
2014-01-20,SKU_C,S2,3
2014-01-21,SKU_A,S1,3
2014-01-21,SKU_A,S2,3
2014-01-21,SKU_B,S1,6
2014-01-21,SKU_B,S2,6
2014-01-21,SKU_C,S1,3
2014-01-21,SKU_C,S2,3
2014-01-22,SKU_A,S1,5
2014-01-22,SKU_A,S2,4
2014-01-22,SKU_B,S1,7
2014-01-22,SKU_B,S2,6
2014-01-22,SKU_C,S1,4
2014-01-22,SKU_C,S2,3
2014-01-23,SKU_A,S1,4
2014-01-23,SKU_A,S2,4
2014-01-23,SKU_B,S1,6
2014-01-23,SKU_B,S2,6
2014-01-23,SKU_C,S1,4
2014-01-23,SKU_C,S2,3
2014-01-24,SKU_A,S1,4
2014-01-24,SKU_A,S2,4
2014-01-24,SKU_B,S1,6
2014-01-24,SKU_B,S2,5
2014-01-24,SKU_C,S1,3
2014-01-24,SKU_C,S2,2
2014-01-25,SKU_A,S1,4
2014-01-25,SKU_A,S2,3
2014-01-25,SKU_B,S1,6
2014-01-25,SKU_B,S2,6
2014-01-25,SKU_C,S1,3
2014-01-25,SKU_C,S2,3
2014-01-26,SKU_A,S1,5
2014-01-26,SKU_A,S2,4
2014-01-26,SKU_B,S1,6
2014-01-26,SKU_B,S2,6
2014-01-26,SKU_C,S1,3
2014-01-26,SKU_C,S2,3
2014-01-27,SKU_A,S1,5
2014-01-27,SKU_A,S2,4
2014-01-27,SKU_B,S1,6
2014-01-27,SKU_B,S2,6
2014-01-27,SKU_C,S1,3
2014-01-27,SKU_C,S2,3
2014-01-28,SKU_A,S1,4
2014-01-28,SKU_A,S2,3
2014-01-28,SKU_B,S1,6
2014-01-28,SKU_B,S2,6
2014-01-28,SKU_C,S1,3
2014-01-28,SKU_C,S2,3
2014-01-29,SKU_A,S1,4
2014-01-29,SKU_A,S2,3
2014-01-29,SKU_B,S1,6
2014-01-29,SKU_B,S2,6
2014-01-29,SKU_C,S1,3
2014-01-29,SKU_C,S2,3
2014-01-30,SKU_A,S1,4
2014-01-30,SKU_A,S2,4
2014-01-30,SKU_B,S1,6
2014-01-30,SKU_B,S2,6
2014-01-30,SKU_C,S1,3
2014-01-30,SKU_C,S2,3
2014-01-31,SKU_A,S1,5
2014-01-31,SKU_A,S2,4
2014-01-31,SKU_B,S1,6
2014-01-31,SKU_B,S2,6
2014-01-31,SKU_C,S1,3
2014-01-31,SKU_C,S2,3
2014-02-01,SKU_A,S1,4
2014-02-01,SKU_A,S2,4
2014-02-01,SKU_B,S1,5
2014-02-01,SKU_B,S2,5
2014-02-01,SKU_C,S1,3
2014-02-01,SKU_C,S2,2
2014-02-02,SKU_A,S1,4
2014-02-02,SKU_A,S2,3
2014-02-02,SKU_B,S1,6
2014-02-02,SKU_B,S2,5
2014-02-02,SKU_C,S1,3
2014-02-02,SKU_C,S2,3
2014-02-03,SKU_A,S1,4
2014-02-03,SKU_A,S2,3
2014-02-03,SKU_B,S1,6
2014-02-03,SKU_B,S2,6
2014-02-03,SKU_C,S1,4
2014-02-03,SKU_C,S2,3
2014-02-04,SKU_A,S1,4
2014-02-04,SKU_A,S2,4
2014-02-04,SKU_B,S1,7
2014-02-04,SKU_B,S2,6
2014-02-04,SKU_C,S1,3
2014-02-04,SKU_C,S2,2
2014-02-05,SKU_A,S1,4
2014-02-05,SKU_A,S2,4
2014-02-05,SKU_B,S1,6
2014-02-05,SKU_B,S2,5
2014-02-05,SKU_C,S1,3
2014-02-05,SKU_C,S2,3
2014-02-06,SKU_A,S1,5
2014-02-06,SKU_A,S2,4
2014-02-06,SKU_B,S1,5
2014-02-06,SKU_B,S2,5
2014-02-06,SKU_C,S1,3
2014-02-06,SKU_C,S2,3
2014-02-07,SKU_A,S1,4
2014-02-07,SKU_A,S2,4
2014-02-07,SKU_B,S1,6
2014-02-07,SKU_B,S2,5
2014-02-07,SKU_C,S1,3
2014-02-07,SKU_C,S2,2
2014-02-08,SKU_A,S1,4
2014-02-08,SKU_A,S2,4
2014-02-08,SKU_B,S1,6
2014-02-08,SKU_B,S2,5
2014-02-08,SKU_C,S1,3
2014-02-08,SKU_C,S2,3
2014-02-09,SKU_A,S1,4
2014-02-09,SKU_A,S2,4
2014-02-09,SKU_B,S1,7
2014-02-09,SKU_B,S2,7
2014-02-09,SKU_C,S1,3
2014-02-09,SKU_C,S2,3
2014-02-10,SKU_A,S1,4
2014-02-10,SKU_A,S2,3
2014-02-10,SKU_B,S1,6
2014-02-10,SKU_B,S2,6
2014-02-10,SKU_C,S1,3
2014-02-10,SKU_C,S2,3
2014-02-11,SKU_A,S1,5
2014-02-11,SKU_A,S2,5
2014-02-11,SKU_B,S1,7
2014-02-11,SKU_B,S2,6
2014-02-11,SKU_C,S1,3
2014-02-11,SKU_C,S2,3
2014-02-12,SKU_A,S1,5
2014-02-12,SKU_A,S2,5
2014-02-12,SKU_B,S1,6
2014-02-12,SKU_B,S2,5
2014-02-12,SKU_C,S1,3
2014-02-12,SKU_C,S2,2
2014-02-13,SKU_A,S1,4
2014-02-13,SKU_A,S2,3
2014-02-13,SKU_B,S1,6
2014-02-13,SKU_B,S2,6
2014-02-13,SKU_C,S1,3
2014-02-13,SKU_C,S2,2
2014-02-14,SKU_A,S1,5
2014-02-14,SKU_A,S2,4
2014-02-14,SKU_B,S1,6
2014-02-14,SKU_B,S2,6
2014-02-14,SKU_C,S1,3
2014-02-14,SKU_C,S2,2
2014-02-15,SKU_A,S1,4
2014-02-15,SKU_A,S2,3
2014-02-15,SKU_B,S1,6
2014-02-15,SKU_B,S2,6
2014-02-15,SKU_C,S1,4
2014-02-15,SKU_C,S2,3
2014-02-16,SKU_A,S1,5
2014-02-16,SKU_A,S2,5
2014-02-16,SKU_B,S1,8
2014-02-16,SKU_B,S2,7
2014-02-16,SKU_C,S1,3
2014-02-16,SKU_C,S2,3
2014-02-17,SKU_A,S1,4
2014-02-17,SKU_A,S2,3
2014-02-17,SKU_B,S1,5
2014-02-17,SKU_B,S2,5
2014-02-17,SKU_C,S1,3
2014-02-17,SKU_C,S2,3
2014-02-18,SKU_A,S1,4
2014-02-18,SKU_A,S2,3
2014-02-18,SKU_B,S1,6
2014-02-18,SKU_B,S2,6
2014-02-18,SKU_C,S1,3
2014-02-18,SKU_C,S2,2
2014-02-19,SKU_A,S1,4
2014-02-19,SKU_A,S2,4
2014-02-19,SKU_B,S1,7
2014-02-19,SKU_B,S2,6
2014-02-19,SKU_C,S1,3
2014-02-19,SKU_C,S2,3
2014-02-20,SKU_A,S1,4
2014-02-20,SKU_A,S2,4
2014-02-20,SKU_B,S1,6
2014-02-20,SKU_B,S2,5
2014-02-20,SKU_C,S1,2
2014-02-20,SKU_C,S2,2
2014-02-21,SKU_A,S1,4
2014-02-21,SKU_A,S2,4
2014-02-21,SKU_B,S1,6
2014-02-21,SKU_B,S2,6
2014-02-21,SKU_C,S1,4
2014-02-21,SKU_C,S2,4
2014-02-22,SKU_A,S1,4
2014-02-22,SKU_A,S2,4
2014-02-22,SKU_B,S1,7
2014-02-22,SKU_B,S2,6
2014-02-22,SKU_C,S1,3
2014-02-22,SKU_C,S2,3
2014-02-23,SKU_A,S1,4
2014-02-23,SKU_A,S2,3
2014-02-23,SKU_B,S1,6
2014-02-23,SKU_B,S2,5
2014-02-23,SKU_C,S1,3
2014-02-23,SKU_C,S2,2
2014-02-24,SKU_A,S1,5
2014-02-24,SKU_A,S2,5
2014-02-24,SKU_B,S1,6
2014-02-24,SKU_B,S2,5
2014-02-24,SKU_C,S1,4
2014-02-24,SKU_C,S2,3
2014-02-25,SKU_A,S1,4
2014-02-25,SKU_A,S2,3
2014-02-25,SKU_B,S1,7
2014-02-25,SKU_B,S2,6
2014-02-25,SKU_C,S1,3
2014-02-25,SKU_C,S2,3
2014-02-26,SKU_A,S1,4
2014-02-26,SKU_A,S2,4
2014-02-26,SKU_B,S1,6
2014-02-26,SKU_B,S2,6
2014-02-26,SKU_C,S1,3
2014-02-26,SKU_C,S2,2
2014-02-27,SKU_A,S1,5
2014-02-27,SKU_A,S2,4
2014-02-27,SKU_B,S1,6
2014-02-27,SKU_B,S2,6
2014-02-27,SKU_C,S1,3
2014-02-27,SKU_C,S2,2
2014-02-28,SKU_A,S1,4
2014-02-28,SKU_A,S2,3
2014-02-28,SKU_B,S1,6
2014-02-28,SKU_B,S2,6
2014-02-28,SKU_C,S1,4
2014-02-28,SKU_C,S2,4
2014-03-01,SKU_A,S1,4
2014-03-01,SKU_A,S2,4
2014-03-01,SKU_B,S1,6
2014-03-01,SKU_B,S2,6
2014-03-01,SKU_C,S1,3
2014-03-01,SKU_C,S2,3
2014-03-02,SKU_A,S1,5
2014-03-02,SKU_A,S2,5
2014-03-02,SKU_B,S1,6
2014-03-02,SKU_B,S2,6
2014-03-02,SKU_C,S1,3
2014-03-02,SKU_C,S2,3
2014-03-03,SKU_A,S1,5
2014-03-03,SKU_A,S2,4
2014-03-03,SKU_B,S1,6
2014-03-03,SKU_B,S2,6
2014-03-03,SKU_C,S1,4
2014-03-03,SKU_C,S2,4
2014-03-04,SKU_A,S1,5
2014-03-04,SKU_A,S2,4
2014-03-04,SKU_B,S1,6
2014-03-04,SKU_B,S2,5
2014-03-04,SKU_C,S1,3
2014-03-04,SKU_C,S2,2
2014-03-05,SKU_A,S1,5
2014-03-05,SKU_A,S2,5
2014-03-05,SKU_B,S1,7
2014-03-05,SKU_B,S2,7
2014-03-05,SKU_C,S1,3
2014-03-05,SKU_C,S2,3
2014-03-06,SKU_A,S1,4
2014-03-06,SKU_A,S2,4
2014-03-06,SKU_B,S1,7
2014-03-06,SKU_B,S2,6
2014-03-06,SKU_C,S1,3
2014-03-06,SKU_C,S2,2
2014-03-07,SKU_A,S1,4
2014-03-07,SKU_A,S2,3
2014-03-07,SKU_B,S1,7
2014-03-07,SKU_B,S2,6
2014-03-07,SKU_C,S1,3
2014-03-07,SKU_C,S2,3
2014-03-08,SKU_A,S1,4
2014-03-08,SKU_A,S2,4
2014-03-08,SKU_B,S1,6
2014-03-08,SKU_B,S2,6
2014-03-08,SKU_C,S1,3
2014-03-08,SKU_C,S2,3
2014-03-09,SKU_A,S1,5
2014-03-09,SKU_A,S2,5
2014-03-09,SKU_B,S1,6
2014-03-09,SKU_B,S2,6
2014-03-09,SKU_C,S1,4
2014-03-09,SKU_C,S2,3
2014-03-10,SKU_A,S1,3
2014-03-10,SKU_A,S2,3
2014-03-10,SKU_B,S1,6
2014-03-10,SKU_B,S2,6
2014-03-10,SKU_C,S1,3
2014-03-10,SKU_C,S2,2
2014-03-11,SKU_A,S1,4
2014-03-11,SKU_A,S2,3
2014-03-11,SKU_B,S1,6
2014-03-11,SKU_B,S2,5
2014-03-11,SKU_C,S1,3
2014-03-11,SKU_C,S2,3
2014-03-12,SKU_A,S1,5
2014-03-12,SKU_A,S2,4
2014-03-12,SKU_B,S1,6
2014-03-12,SKU_B,S2,5
2014-03-12,SKU_C,S1,3
2014-03-12,SKU_C,S2,3
2014-03-13,SKU_A,S1,4
2014-03-13,SKU_A,S2,4
2014-03-13,SKU_B,S1,6
2014-03-13,SKU_B,S2,6
2014-03-13,SKU_C,S1,4
2014-03-13,SKU_C,S2,3
2014-03-14,SKU_A,S1,5
2014-03-14,SKU_A,S2,4
2014-03-14,SKU_B,S1,7
2014-03-14,SKU_B,S2,6
2014-03-14,SKU_C,S1,3
2014-03-14,SKU_C,S2,3
2014-03-15,SKU_A,S1,4
2014-03-15,SKU_A,S2,4
2014-03-15,SKU_B,S1,6
2014-03-15,SKU_B,S2,6
2014-03-15,SKU_C,S1,3
2014-03-15,SKU_C,S2,3
2014-03-16,SKU_A,S1,5
2014-03-16,SKU_A,S2,4
2014-03-16,SKU_B,S1,6
2014-03-16,SKU_B,S2,5
2014-03-16,SKU_C,S1,3
2014-03-16,SKU_C,S2,3
2014-03-17,SKU_A,S1,5
2014-03-17,SKU_A,S2,4
2014-03-17,SKU_B,S1,8
2014-03-17,SKU_B,S2,7
2014-03-17,SKU_C,S1,4
2014-03-17,SKU_C,S2,4
2014-03-18,SKU_A,S1,4
2014-03-18,SKU_A,S2,4
2014-03-18,SKU_B,S1,6
2014-03-18,SKU_B,S2,6
2014-03-18,SKU_C,S1,3
2014-03-18,SKU_C,S2,2
2014-03-19,SKU_A,S1,4
2014-03-19,SKU_A,S2,4
2014-03-19,SKU_B,S1,6
2014-03-19,SKU_B,S2,6
2014-03-19,SKU_C,S1,4
2014-03-19,SKU_C,S2,3
2014-03-20,SKU_A,S1,4
2014-03-20,SKU_A,S2,4
2014-03-20,SKU_B,S1,6
2014-03-20,SKU_B,S2,5
2014-03-20,SKU_C,S1,2
2014-03-20,SKU_C,S2,2
2014-03-21,SKU_A,S1,4
2014-03-21,SKU_A,S2,4
2014-03-21,SKU_B,S1,6
2014-03-21,SKU_B,S2,5
2014-03-21,SKU_C,S1,3
2014-03-21,SKU_C,S2,2
2014-03-22,SKU_A,S1,4
2014-03-22,SKU_A,S2,4
2014-03-22,SKU_B,S1,6
2014-03-22,SKU_B,S2,6
2014-03-22,SKU_C,S1,2
2014-03-22,SKU_C,S2,2
2014-03-23,SKU_A,S1,4
2014-03-23,SKU_A,S2,3
2014-03-23,SKU_B,S1,7
2014-03-23,SKU_B,S2,7
2014-03-23,SKU_C,S1,3
2014-03-23,SKU_C,S2,2
2014-03-24,SKU_A,S1,4
2014-03-24,SKU_A,S2,3
2014-03-24,SKU_B,S1,7
2014-03-24,SKU_B,S2,7
2014-03-24,SKU_C,S1,5
2014-03-24,SKU_C,S2,4
2014-03-25,SKU_A,S1,4
2014-03-25,SKU_A,S2,3
2014-03-25,SKU_B,S1,6
2014-03-25,SKU_B,S2,6
2014-03-25,SKU_C,S1,3
2014-03-25,SKU_C,S2,3
2014-03-26,SKU_A,S1,5
2014-03-26,SKU_A,S2,5
2014-03-26,SKU_B,S1,6
2014-03-26,SKU_B,S2,5
2014-03-26,SKU_C,S1,3
2014-03-26,SKU_C,S2,3
2014-03-27,SKU_A,S1,5
2014-03-27,SKU_A,S2,4
2014-03-27,SKU_B,S1,6
2014-03-27,SKU_B,S2,6
2014-03-27,SKU_C,S1,3
2014-03-27,SKU_C,S2,3
2014-03-28,SKU_A,S1,4
2014-03-28,SKU_A,S2,4
2014-03-28,SKU_B,S1,6
2014-03-28,SKU_B,S2,5
2014-03-28,SKU_C,S1,3
2014-03-28,SKU_C,S2,3
2014-03-29,SKU_A,S1,4
2014-03-29,SKU_A,S2,4
2014-03-29,SKU_B,S1,6
2014-03-29,SKU_B,S2,6
2014-03-29,SKU_C,S1,3
2014-03-29,SKU_C,S2,2
2014-03-30,SKU_A,S1,5
2014-03-30,SKU_A,S2,4
2014-03-30,SKU_B,S1,7
2014-03-30,SKU_B,S2,6
2014-03-30,SKU_C,S1,3
2014-03-30,SKU_C,S2,3
2014-03-31,SKU_A,S1,5
2014-03-31,SKU_A,S2,4
2014-03-31,SKU_B,S1,6
2014-03-31,SKU_B,S2,6
2014-03-31,SKU_C,S1,3
2014-03-31,SKU_C,S2,3
2014-04-01,SKU_A,S1,4
2014-04-01,SKU_A,S2,4
2014-04-01,SKU_B,S1,6
2014-04-01,SKU_B,S2,6
2014-04-01,SKU_C,S1,3
2014-04-01,SKU_C,S2,3
2014-04-02,SKU_A,S1,6
2014-04-02,SKU_A,S2,5
2014-04-02,SKU_B,S1,7
2014-04-02,SKU_B,S2,7
2014-04-02,SKU_C,S1,3
2014-04-02,SKU_C,S2,3
2014-04-03,SKU_A,S1,4
2014-04-03,SKU_A,S2,4
2014-04-03,SKU_B,S1,6
2014-04-03,SKU_B,S2,5
2014-04-03,SKU_C,S1,4
2014-04-03,SKU_C,S2,3
2014-04-04,SKU_A,S1,5
2014-04-04,SKU_A,S2,4
2014-04-04,SKU_B,S1,6
2014-04-04,SKU_B,S2,6
2014-04-04,SKU_C,S1,2
2014-04-04,SKU_C,S2,2
2014-04-05,SKU_A,S1,5
2014-04-05,SKU_A,S2,4
2014-04-05,SKU_B,S1,6
2014-04-05,SKU_B,S2,6
2014-04-05,SKU_C,S1,3
2014-04-05,SKU_C,S2,2
2014-04-06,SKU_A,S1,4
2014-04-06,SKU_A,S2,4
2014-04-06,SKU_B,S1,6
2014-04-06,SKU_B,S2,6
2014-04-06,SKU_C,S1,3
2014-04-06,SKU_C,S2,3
2014-04-07,SKU_A,S1,4
2014-04-07,SKU_A,S2,4
2014-04-07,SKU_B,S1,6
2014-04-07,SKU_B,S2,6
2014-04-07,SKU_C,S1,3
2014-04-07,SKU_C,S2,3
2014-04-08,SKU_A,S1,5
2014-04-08,SKU_A,S2,4
2014-04-08,SKU_B,S1,7
2014-04-08,SKU_B,S2,6
2014-04-08,SKU_C,S1,2
2014-04-08,SKU_C,S2,1
2014-04-09,SKU_A,S1,4
2014-04-09,SKU_A,S2,4
2014-04-09,SKU_B,S1,6
2014-04-09,SKU_B,S2,6
2014-04-09,SKU_C,S1,3
2014-04-09,SKU_C,S2,3
2014-04-10,SKU_A,S1,4
2014-04-10,SKU_A,S2,4
2014-04-10,SKU_B,S1,5
2014-04-10,SKU_B,S2,5
2014-04-10,SKU_C,S1,3
2014-04-10,SKU_C,S2,3
2014-04-11,SKU_A,S1,5
2014-04-11,SKU_A,S2,5
2014-04-11,SKU_B,S1,5
2014-04-11,SKU_B,S2,5
2014-04-11,SKU_C,S1,4
2014-04-11,SKU_C,S2,3
2014-04-12,SKU_A,S1,4
2014-04-12,SKU_A,S2,4
2014-04-12,SKU_B,S1,6
2014-04-12,SKU_B,S2,6
2014-04-12,SKU_C,S1,3
2014-04-12,SKU_C,S2,2
2014-04-13,SKU_A,S1,4
2014-04-13,SKU_A,S2,4
2014-04-13,SKU_B,S1,7
2014-04-13,SKU_B,S2,6
2014-04-13,SKU_C,S1,4
2014-04-13,SKU_C,S2,3
2014-04-14,SKU_A,S1,5
2014-04-14,SKU_A,S2,5
2014-04-14,SKU_B,S1,7
2014-04-14,SKU_B,S2,6
2014-04-14,SKU_C,S1,3
2014-04-14,SKU_C,S2,3
2014-04-15,SKU_A,S1,5
2014-04-15,SKU_A,S2,5
2014-04-15,SKU_B,S1,6
2014-04-15,SKU_B,S2,6
2014-04-15,SKU_C,S1,4
2014-04-15,SKU_C,S2,3
2014-04-16,SKU_A,S1,4
2014-04-16,SKU_A,S2,4
2014-04-16,SKU_B,S1,6
2014-04-16,SKU_B,S2,6
2014-04-16,SKU_C,S1,3
2014-04-16,SKU_C,S2,2
2014-04-17,SKU_A,S1,5
2014-04-17,SKU_A,S2,5
2014-04-17,SKU_B,S1,6
2014-04-17,SKU_B,S2,5
2014-04-17,SKU_C,S1,4
2014-04-17,SKU_C,S2,3
2014-04-18,SKU_A,S1,4
2014-04-18,SKU_A,S2,4
2014-04-18,SKU_B,S1,7
2014-04-18,SKU_B,S2,6
2014-04-18,SKU_C,S1,4
2014-04-18,SKU_C,S2,3
2014-04-19,SKU_A,S1,5
2014-04-19,SKU_A,S2,5
2014-04-19,SKU_B,S1,7
2014-04-19,SKU_B,S2,6
2014-04-19,SKU_C,S1,2
2014-04-19,SKU_C,S2,2
2014-04-20,SKU_A,S1,5
2014-04-20,SKU_A,S2,4
2014-04-20,SKU_B,S1,6
2014-04-20,SKU_B,S2,5
2014-04-20,SKU_C,S1,3
2014-04-20,SKU_C,S2,2
2014-04-21,SKU_A,S1,5
2014-04-21,SKU_A,S2,5
2014-04-21,SKU_B,S1,7
2014-04-21,SKU_B,S2,6
2014-04-21,SKU_C,S1,3
2014-04-21,SKU_C,S2,2
2014-04-22,SKU_A,S1,4
2014-04-22,SKU_A,S2,4
2014-04-22,SKU_B,S1,6
2014-04-22,SKU_B,S2,6
2014-04-22,SKU_C,S1,3
2014-04-22,SKU_C,S2,2
2014-04-23,SKU_A,S1,4
2014-04-23,SKU_A,S2,4
2014-04-23,SKU_B,S1,6
2014-04-23,SKU_B,S2,6
2014-04-23,SKU_C,S1,4
2014-04-23,SKU_C,S2,3
2014-04-24,SKU_A,S1,5
2014-04-24,SKU_A,S2,4
2014-04-24,SKU_B,S1,5
2014-04-24,SKU_B,S2,5
2014-04-24,SKU_C,S1,3
2014-04-24,SKU_C,S2,3
2014-04-25,SKU_A,S1,5
2014-04-25,SKU_A,S2,4
2014-04-25,SKU_B,S1,6
2014-04-25,SKU_B,S2,6
2014-04-25,SKU_C,S1,4
2014-04-25,SKU_C,S2,4
2014-04-26,SKU_A,S1,4
2014-04-26,SKU_A,S2,3
2014-04-26,SKU_B,S1,6
2014-04-26,SKU_B,S2,5
2014-04-26,SKU_C,S1,4
2014-04-26,SKU_C,S2,3
2014-04-27,SKU_A,S1,4
2014-04-27,SKU_A,S2,3
2014-04-27,SKU_B,S1,7
2014-04-27,SKU_B,S2,6
2014-04-27,SKU_C,S1,3
2014-04-27,SKU_C,S2,3
2014-04-28,SKU_A,S1,5
2014-04-28,SKU_A,S2,4
2014-04-28,SKU_B,S1,6
2014-04-28,SKU_B,S2,5
2014-04-28,SKU_C,S1,4
2014-04-28,SKU_C,S2,3
2014-04-29,SKU_A,S1,5
2014-04-29,SKU_A,S2,5
2014-04-29,SKU_B,S1,6
2014-04-29,SKU_B,S2,6
2014-04-29,SKU_C,S1,3
2014-04-29,SKU_C,S2,3
2014-04-30,SKU_A,S1,5
2014-04-30,SKU_A,S2,4
2014-04-30,SKU_B,S1,6
2014-04-30,SKU_B,S2,5
2014-04-30,SKU_C,S1,3
2014-04-30,SKU_C,S2,3
2014-05-01,SKU_A,S1,5
2014-05-01,SKU_A,S2,4
2014-05-01,SKU_B,S1,6
2014-05-01,SKU_B,S2,6
2014-05-01,SKU_C,S1,4
2014-05-01,SKU_C,S2,3
2014-05-02,SKU_A,S1,4
2014-05-02,SKU_A,S2,4
2014-05-02,SKU_B,S1,6
2014-05-02,SKU_B,S2,6
2014-05-02,SKU_C,S1,4
2014-05-02,SKU_C,S2,3
2014-05-03,SKU_A,S1,4
2014-05-03,SKU_A,S2,4
2014-05-03,SKU_B,S1,6
2014-05-03,SKU_B,S2,5
2014-05-03,SKU_C,S1,3
2014-05-03,SKU_C,S2,3
2014-05-04,SKU_A,S1,5
2014-05-04,SKU_A,S2,5
2014-05-04,SKU_B,S1,6
2014-05-04,SKU_B,S2,6
2014-05-04,SKU_C,S1,4
2014-05-04,SKU_C,S2,3
2014-05-05,SKU_A,S1,5
2014-05-05,SKU_A,S2,5
2014-05-05,SKU_B,S1,7
2014-05-05,SKU_B,S2,6
2014-05-05,SKU_C,S1,4
2014-05-05,SKU_C,S2,3
2014-05-06,SKU_A,S1,6
2014-05-06,SKU_A,S2,5
2014-05-06,SKU_B,S1,6
2014-05-06,SKU_B,S2,6
2014-05-06,SKU_C,S1,2
2014-05-06,SKU_C,S2,2
2014-05-07,SKU_A,S1,5
2014-05-07,SKU_A,S2,5
2014-05-07,SKU_B,S1,6
2014-05-07,SKU_B,S2,6
2014-05-07,SKU_C,S1,3
2014-05-07,SKU_C,S2,3
2014-05-08,SKU_A,S1,5
2014-05-08,SKU_A,S2,5
2014-05-08,SKU_B,S1,5
2014-05-08,SKU_B,S2,5
2014-05-08,SKU_C,S1,3
2014-05-08,SKU_C,S2,2
2014-05-09,SKU_A,S1,4
2014-05-09,SKU_A,S2,3
2014-05-09,SKU_B,S1,6
2014-05-09,SKU_B,S2,5
2014-05-09,SKU_C,S1,3
2014-05-09,SKU_C,S2,3
2014-05-10,SKU_A,S1,5
2014-05-10,SKU_A,S2,4
2014-05-10,SKU_B,S1,6
2014-05-10,SKU_B,S2,6
2014-05-10,SKU_C,S1,3
2014-05-10,SKU_C,S2,2
2014-05-11,SKU_A,S1,3
2014-05-11,SKU_A,S2,3
2014-05-11,SKU_B,S1,6
2014-05-11,SKU_B,S2,6
2014-05-11,SKU_C,S1,3
2014-05-11,SKU_C,S2,3
2014-05-12,SKU_A,S1,5
2014-05-12,SKU_A,S2,4
2014-05-12,SKU_B,S1,7
2014-05-12,SKU_B,S2,6
2014-05-12,SKU_C,S1,3
2014-05-12,SKU_C,S2,3
2014-05-13,SKU_A,S1,5
2014-05-13,SKU_A,S2,4
2014-05-13,SKU_B,S1,6
2014-05-13,SKU_B,S2,6
2014-05-13,SKU_C,S1,4
2014-05-13,SKU_C,S2,3
2014-05-14,SKU_A,S1,4
2014-05-14,SKU_A,S2,4
2014-05-14,SKU_B,S1,6
2014-05-14,SKU_B,S2,6
2014-05-14,SKU_C,S1,3
2014-05-14,SKU_C,S2,3
2014-05-15,SKU_A,S1,5
2014-05-15,SKU_A,S2,5
2014-05-15,SKU_B,S1,6
2014-05-15,SKU_B,S2,6
2014-05-15,SKU_C,S1,4
2014-05-15,SKU_C,S2,3
2014-05-16,SKU_A,S1,4
2014-05-16,SKU_A,S2,4
2014-05-16,SKU_B,S1,6
2014-05-16,SKU_B,S2,6
2014-05-16,SKU_C,S1,4
2014-05-16,SKU_C,S2,3
2014-05-17,SKU_A,S1,4
2014-05-17,SKU_A,S2,3
2014-05-17,SKU_B,S1,6
2014-05-17,SKU_B,S2,5
2014-05-17,SKU_C,S1,3
2014-05-17,SKU_C,S2,2
2014-05-18,SKU_A,S1,3
2014-05-18,SKU_A,S2,3
2014-05-18,SKU_B,S1,6
2014-05-18,SKU_B,S2,5
2014-05-18,SKU_C,S1,4
2014-05-18,SKU_C,S2,3
2014-05-19,SKU_A,S1,4
2014-05-19,SKU_A,S2,4
2014-05-19,SKU_B,S1,6
2014-05-19,SKU_B,S2,6
2014-05-19,SKU_C,S1,4
2014-05-19,SKU_C,S2,3
2014-05-20,SKU_A,S1,5
2014-05-20,SKU_A,S2,5
2014-05-20,SKU_B,S1,6
2014-05-20,SKU_B,S2,6
2014-05-20,SKU_C,S1,4
2014-05-20,SKU_C,S2,3
2014-05-21,SKU_A,S1,5
2014-05-21,SKU_A,S2,4
2014-05-21,SKU_B,S1,6
2014-05-21,SKU_B,S2,5
2014-05-21,SKU_C,S1,3
2014-05-21,SKU_C,S2,2
2014-05-22,SKU_A,S1,4
2014-05-22,SKU_A,S2,3
2014-05-22,SKU_B,S1,6
2014-05-22,SKU_B,S2,5
2014-05-22,SKU_C,S1,3
2014-05-22,SKU_C,S2,3
2014-05-23,SKU_A,S1,5
2014-05-23,SKU_A,S2,5
2014-05-23,SKU_B,S1,7
2014-05-23,SKU_B,S2,7
2014-05-23,SKU_C,S1,3
2014-05-23,SKU_C,S2,2
2014-05-24,SKU_A,S1,5
2014-05-24,SKU_A,S2,4
2014-05-24,SKU_B,S1,6
2014-05-24,SKU_B,S2,5
2014-05-24,SKU_C,S1,3
2014-05-24,SKU_C,S2,3
2014-05-25,SKU_A,S1,5
2014-05-25,SKU_A,S2,4
2014-05-25,SKU_B,S1,5
2014-05-25,SKU_B,S2,5
2014-05-25,SKU_C,S1,4
2014-05-25,SKU_C,S2,3
2014-05-26,SKU_A,S1,4
2014-05-26,SKU_A,S2,4
2014-05-26,SKU_B,S1,6
2014-05-26,SKU_B,S2,5
2014-05-26,SKU_C,S1,3
2014-05-26,SKU_C,S2,2
2014-05-27,SKU_A,S1,4
2014-05-27,SKU_A,S2,4
2014-05-27,SKU_B,S1,6
2014-05-27,SKU_B,S2,6
2014-05-27,SKU_C,S1,3
2014-05-27,SKU_C,S2,3
2014-05-28,SKU_A,S1,5
2014-05-28,SKU_A,S2,4
2014-05-28,SKU_B,S1,6
2014-05-28,SKU_B,S2,6
2014-05-28,SKU_C,S1,4
2014-05-28,SKU_C,S2,3
2014-05-29,SKU_A,S1,4
2014-05-29,SKU_A,S2,4
2014-05-29,SKU_B,S1,6
2014-05-29,SKU_B,S2,5
2014-05-29,SKU_C,S1,4
2014-05-29,SKU_C,S2,3
2014-05-30,SKU_A,S1,4
2014-05-30,SKU_A,S2,4
2014-05-30,SKU_B,S1,7
2014-05-30,SKU_B,S2,6
2014-05-30,SKU_C,S1,3
2014-05-30,SKU_C,S2,3
2014-05-31,SKU_A,S1,5
2014-05-31,SKU_A,S2,4
2014-05-31,SKU_B,S1,6
2014-05-31,SKU_B,S2,6
2014-05-31,SKU_C,S1,4
2014-05-31,SKU_C,S2,4
2014-06-01,SKU_A,S1,6
2014-06-01,SKU_A,S2,5
2014-06-01,SKU_B,S1,8
2014-06-01,SKU_B,S2,7
2014-06-01,SKU_C,S1,3
2014-06-01,SKU_C,S2,3
2014-06-02,SKU_A,S1,5
2014-06-02,SKU_A,S2,5
2014-06-02,SKU_B,S1,7
2014-06-02,SKU_B,S2,7
2014-06-02,SKU_C,S1,3
2014-06-02,SKU_C,S2,3
2014-06-03,SKU_A,S1,5
2014-06-03,SKU_A,S2,4
2014-06-03,SKU_B,S1,8
2014-06-03,SKU_B,S2,7
2014-06-03,SKU_C,S1,3
2014-06-03,SKU_C,S2,2
2014-06-04,SKU_A,S1,4
2014-06-04,SKU_A,S2,3
2014-06-04,SKU_B,S1,7
2014-06-04,SKU_B,S2,6
2014-06-04,SKU_C,S1,3
2014-06-04,SKU_C,S2,2
2014-06-05,SKU_A,S1,4
2014-06-05,SKU_A,S2,4
2014-06-05,SKU_B,S1,8
2014-06-05,SKU_B,S2,7
2014-06-05,SKU_C,S1,4
2014-06-05,SKU_C,S2,4
2014-06-06,SKU_A,S1,5
2014-06-06,SKU_A,S2,5
2014-06-06,SKU_B,S1,7
2014-06-06,SKU_B,S2,7
2014-06-06,SKU_C,S1,3
2014-06-06,SKU_C,S2,3
2014-06-07,SKU_A,S1,4
2014-06-07,SKU_A,S2,4
2014-06-07,SKU_B,S1,8
2014-06-07,SKU_B,S2,7
2014-06-07,SKU_C,S1,3
2014-06-07,SKU_C,S2,3
2014-06-08,SKU_A,S1,5
2014-06-08,SKU_A,S2,4
2014-06-08,SKU_B,S1,8
2014-06-08,SKU_B,S2,7
2014-06-08,SKU_C,S1,4
2014-06-08,SKU_C,S2,3
2014-06-09,SKU_A,S1,4
2014-06-09,SKU_A,S2,4
2014-06-09,SKU_B,S1,8
2014-06-09,SKU_B,S2,7
2014-06-09,SKU_C,S1,5
2014-06-09,SKU_C,S2,4
2014-06-10,SKU_A,S1,5
2014-06-10,SKU_A,S2,4
2014-06-10,SKU_B,S1,8
2014-06-10,SKU_B,S2,8
2014-06-10,SKU_C,S1,3
2014-06-10,SKU_C,S2,3
2014-06-11,SKU_A,S1,5
2014-06-11,SKU_A,S2,4
2014-06-11,SKU_B,S1,8
2014-06-11,SKU_B,S2,7
2014-06-11,SKU_C,S1,3
2014-06-11,SKU_C,S2,3
2014-06-12,SKU_A,S1,4
2014-06-12,SKU_A,S2,4
2014-06-12,SKU_B,S1,8
2014-06-12,SKU_B,S2,7
2014-06-12,SKU_C,S1,3
2014-06-12,SKU_C,S2,2
2014-06-13,SKU_A,S1,5
2014-06-13,SKU_A,S2,5
2014-06-13,SKU_B,S1,8
2014-06-13,SKU_B,S2,8
2014-06-13,SKU_C,S1,3
2014-06-13,SKU_C,S2,3
2014-06-14,SKU_A,S1,5
2014-06-14,SKU_A,S2,4
2014-06-14,SKU_B,S1,8
2014-06-14,SKU_B,S2,7
2014-06-14,SKU_C,S1,3
2014-06-14,SKU_C,S2,3
2014-06-15,SKU_A,S1,5
2014-06-15,SKU_A,S2,5
2014-06-15,SKU_B,S1,7
2014-06-15,SKU_B,S2,6
2014-06-15,SKU_C,S1,3
2014-06-15,SKU_C,S2,3
2014-06-16,SKU_A,S1,4
2014-06-16,SKU_A,S2,3
2014-06-16,SKU_B,S1,7
2014-06-16,SKU_B,S2,7
2014-06-16,SKU_C,S1,4
2014-06-16,SKU_C,S2,3
2014-06-17,SKU_A,S1,5
2014-06-17,SKU_A,S2,5
2014-06-17,SKU_B,S1,7
2014-06-17,SKU_B,S2,7
2014-06-17,SKU_C,S1,2
2014-06-17,SKU_C,S2,2
2014-06-18,SKU_A,S1,3
2014-06-18,SKU_A,S2,3
2014-06-18,SKU_B,S1,7
2014-06-18,SKU_B,S2,7
2014-06-18,SKU_C,S1,4
2014-06-18,SKU_C,S2,4
2014-06-19,SKU_A,S1,5
2014-06-19,SKU_A,S2,4
2014-06-19,SKU_B,S1,7
2014-06-19,SKU_B,S2,7
2014-06-19,SKU_C,S1,3
2014-06-19,SKU_C,S2,3
2014-06-20,SKU_A,S1,4
2014-06-20,SKU_A,S2,3
2014-06-20,SKU_B,S1,8
2014-06-20,SKU_B,S2,7
2014-06-20,SKU_C,S1,3
2014-06-20,SKU_C,S2,3
2014-06-21,SKU_A,S1,5
2014-06-21,SKU_A,S2,4
2014-06-21,SKU_B,S1,8
2014-06-21,SKU_B,S2,8
2014-06-21,SKU_C,S1,3
2014-06-21,SKU_C,S2,3
2014-06-22,SKU_A,S1,5
2014-06-22,SKU_A,S2,5
2014-06-22,SKU_B,S1,7
2014-06-22,SKU_B,S2,7
2014-06-22,SKU_C,S1,4
2014-06-22,SKU_C,S2,3
2014-06-23,SKU_A,S1,6
2014-06-23,SKU_A,S2,5
2014-06-23,SKU_B,S1,7
2014-06-23,SKU_B,S2,7
2014-06-23,SKU_C,S1,3
2014-06-23,SKU_C,S2,2
2014-06-24,SKU_A,S1,5
2014-06-24,SKU_A,S2,5
2014-06-24,SKU_B,S1,8
2014-06-24,SKU_B,S2,7
2014-06-24,SKU_C,S1,4
2014-06-24,SKU_C,S2,3
2014-06-25,SKU_A,S1,5
2014-06-25,SKU_A,S2,4
2014-06-25,SKU_B,S1,8
2014-06-25,SKU_B,S2,8
2014-06-25,SKU_C,S1,3
2014-06-25,SKU_C,S2,3
2014-06-26,SKU_A,S1,5
2014-06-26,SKU_A,S2,4
2014-06-26,SKU_B,S1,9
2014-06-26,SKU_B,S2,8
2014-06-26,SKU_C,S1,3
2014-06-26,SKU_C,S2,3
2014-06-27,SKU_A,S1,4
2014-06-27,SKU_A,S2,4
2014-06-27,SKU_B,S1,8
2014-06-27,SKU_B,S2,7
2014-06-27,SKU_C,S1,3
2014-06-27,SKU_C,S2,3
2014-06-28,SKU_A,S1,4
2014-06-28,SKU_A,S2,3
2014-06-28,SKU_B,S1,8
2014-06-28,SKU_B,S2,8
2014-06-28,SKU_C,S1,3
2014-06-28,SKU_C,S2,2
2014-06-29,SKU_A,S1,5
2014-06-29,SKU_A,S2,5
2014-06-29,SKU_B,S1,7
2014-06-29,SKU_B,S2,6
2014-06-29,SKU_C,S1,3
2014-06-29,SKU_C,S2,2
2014-06-30,SKU_A,S1,4
2014-06-30,SKU_A,S2,3
2014-06-30,SKU_B,S1,7
2014-06-30,SKU_B,S2,7
2014-06-30,SKU_C,S1,3
2014-06-30,SKU_C,S2,3
2014-07-01,SKU_A,S1,5
2014-07-01,SKU_A,S2,4
2014-07-01,SKU_B,S1,8
2014-07-01,SKU_B,S2,7
2014-07-01,SKU_C,S1,3
2014-07-01,SKU_C,S2,3
2014-07-02,SKU_A,S1,5
2014-07-02,SKU_A,S2,4
2014-07-02,SKU_B,S1,7
2014-07-02,SKU_B,S2,7
2014-07-02,SKU_C,S1,4
2014-07-02,SKU_C,S2,3
2014-07-03,SKU_A,S1,5
2014-07-03,SKU_A,S2,5
2014-07-03,SKU_B,S1,8
2014-07-03,SKU_B,S2,7
2014-07-03,SKU_C,S1,4
2014-07-03,SKU_C,S2,3
2014-07-04,SKU_A,S1,5
2014-07-04,SKU_A,S2,4
2014-07-04,SKU_B,S1,9
2014-07-04,SKU_B,S2,8
2014-07-04,SKU_C,S1,3
2014-07-04,SKU_C,S2,3
2014-07-05,SKU_A,S1,5
2014-07-05,SKU_A,S2,4
2014-07-05,SKU_B,S1,7
2014-07-05,SKU_B,S2,7
2014-07-05,SKU_C,S1,3
2014-07-05,SKU_C,S2,2
2014-07-06,SKU_A,S1,4
2014-07-06,SKU_A,S2,4
2014-07-06,SKU_B,S1,7
2014-07-06,SKU_B,S2,7
2014-07-06,SKU_C,S1,3
2014-07-06,SKU_C,S2,3
2014-07-07,SKU_A,S1,5
2014-07-07,SKU_A,S2,4
2014-07-07,SKU_B,S1,8
2014-07-07,SKU_B,S2,7
2014-07-07,SKU_C,S1,3
2014-07-07,SKU_C,S2,2
2014-07-08,SKU_A,S1,5
2014-07-08,SKU_A,S2,5
2014-07-08,SKU_B,S1,8
2014-07-08,SKU_B,S2,8
2014-07-08,SKU_C,S1,3
2014-07-08,SKU_C,S2,3
2014-07-09,SKU_A,S1,4
2014-07-09,SKU_A,S2,4
2014-07-09,SKU_B,S1,8
2014-07-09,SKU_B,S2,8
2014-07-09,SKU_C,S1,3
2014-07-09,SKU_C,S2,3
2014-07-10,SKU_A,S1,4
2014-07-10,SKU_A,S2,4
2014-07-10,SKU_B,S1,8
2014-07-10,SKU_B,S2,7
2014-07-10,SKU_C,S1,3
2014-07-10,SKU_C,S2,3
2014-07-11,SKU_A,S1,4
2014-07-11,SKU_A,S2,4
2014-07-11,SKU_B,S1,8
2014-07-11,SKU_B,S2,7
2014-07-11,SKU_C,S1,3
2014-07-11,SKU_C,S2,2
2014-07-12,SKU_A,S1,5
2014-07-12,SKU_A,S2,5
2014-07-12,SKU_B,S1,8
2014-07-12,SKU_B,S2,8
2014-07-12,SKU_C,S1,3
2014-07-12,SKU_C,S2,3
2014-07-13,SKU_A,S1,5
2014-07-13,SKU_A,S2,4
2014-07-13,SKU_B,S1,7
2014-07-13,SKU_B,S2,6
2014-07-13,SKU_C,S1,3
2014-07-13,SKU_C,S2,2
2014-07-14,SKU_A,S1,5
2014-07-14,SKU_A,S2,4
2014-07-14,SKU_B,S1,7
2014-07-14,SKU_B,S2,7
2014-07-14,SKU_C,S1,4
2014-07-14,SKU_C,S2,3
2014-07-15,SKU_A,S1,6
2014-07-15,SKU_A,S2,5
2014-07-15,SKU_B,S1,7
2014-07-15,SKU_B,S2,7
2014-07-15,SKU_C,S1,3
2014-07-15,SKU_C,S2,2
2014-07-16,SKU_A,S1,5
2014-07-16,SKU_A,S2,4
2014-07-16,SKU_B,S1,9
2014-07-16,SKU_B,S2,8
2014-07-16,SKU_C,S1,3
2014-07-16,SKU_C,S2,2
2014-07-17,SKU_A,S1,5
2014-07-17,SKU_A,S2,4
2014-07-17,SKU_B,S1,9
2014-07-17,SKU_B,S2,8
2014-07-17,SKU_C,S1,2
2014-07-17,SKU_C,S2,2
2014-07-18,SKU_A,S1,4
2014-07-18,SKU_A,S2,4
2014-07-18,SKU_B,S1,8
2014-07-18,SKU_B,S2,7
2014-07-18,SKU_C,S1,3
2014-07-18,SKU_C,S2,2
2014-07-19,SKU_A,S1,5
2014-07-19,SKU_A,S2,5
2014-07-19,SKU_B,S1,8
2014-07-19,SKU_B,S2,7
2014-07-19,SKU_C,S1,2
2014-07-19,SKU_C,S2,2
2014-07-20,SKU_A,S1,5
2014-07-20,SKU_A,S2,5
2014-07-20,SKU_B,S1,7
2014-07-20,SKU_B,S2,7
2014-07-20,SKU_C,S1,4
2014-07-20,SKU_C,S2,3
2014-07-21,SKU_A,S1,4
2014-07-21,SKU_A,S2,4
2014-07-21,SKU_B,S1,7
2014-07-21,SKU_B,S2,7
2014-07-21,SKU_C,S1,4
2014-07-21,SKU_C,S2,3
2014-07-22,SKU_A,S1,5
2014-07-22,SKU_A,S2,5
2014-07-22,SKU_B,S1,8
2014-07-22,SKU_B,S2,7
2014-07-22,SKU_C,S1,2
2014-07-22,SKU_C,S2,2
2014-07-23,SKU_A,S1,5
2014-07-23,SKU_A,S2,5
2014-07-23,SKU_B,S1,7
2014-07-23,SKU_B,S2,7
2014-07-23,SKU_C,S1,3
2014-07-23,SKU_C,S2,3
2014-07-24,SKU_A,S1,4
2014-07-24,SKU_A,S2,4
2014-07-24,SKU_B,S1,8
2014-07-24,SKU_B,S2,7
2014-07-24,SKU_C,S1,3
2014-07-24,SKU_C,S2,2
2014-07-25,SKU_A,S1,4
2014-07-25,SKU_A,S2,4
2014-07-25,SKU_B,S1,8
2014-07-25,SKU_B,S2,8
2014-07-25,SKU_C,S1,3
2014-07-25,SKU_C,S2,3
2014-07-26,SKU_A,S1,5
2014-07-26,SKU_A,S2,4
2014-07-26,SKU_B,S1,8
2014-07-26,SKU_B,S2,8
2014-07-26,SKU_C,S1,3
2014-07-26,SKU_C,S2,3
2014-07-27,SKU_A,S1,5
2014-07-27,SKU_A,S2,4
2014-07-27,SKU_B,S1,8
2014-07-27,SKU_B,S2,7
2014-07-27,SKU_C,S1,3
2014-07-27,SKU_C,S2,2
2014-07-28,SKU_A,S1,5
2014-07-28,SKU_A,S2,5
2014-07-28,SKU_B,S1,7
2014-07-28,SKU_B,S2,7
2014-07-28,SKU_C,S1,3
2014-07-28,SKU_C,S2,3
2014-07-29,SKU_A,S1,6
2014-07-29,SKU_A,S2,5
2014-07-29,SKU_B,S1,7
2014-07-29,SKU_B,S2,7
2014-07-29,SKU_C,S1,2
2014-07-29,SKU_C,S2,2
2014-07-30,SKU_A,S1,6
2014-07-30,SKU_A,S2,5
2014-07-30,SKU_B,S1,9
2014-07-30,SKU_B,S2,9
2014-07-30,SKU_C,S1,3
2014-07-30,SKU_C,S2,3
2014-07-31,SKU_A,S1,4
2014-07-31,SKU_A,S2,3
2014-07-31,SKU_B,S1,8
2014-07-31,SKU_B,S2,7
2014-07-31,SKU_C,S1,3
2014-07-31,SKU_C,S2,3
2014-08-01,SKU_A,S1,5
2014-08-01,SKU_A,S2,4
2014-08-01,SKU_B,S1,6
2014-08-01,SKU_B,S2,5
2014-08-01,SKU_C,S1,4
2014-08-01,SKU_C,S2,3
2014-08-02,SKU_A,S1,5
2014-08-02,SKU_A,S2,5
2014-08-02,SKU_B,S1,6
2014-08-02,SKU_B,S2,5
2014-08-02,SKU_C,S1,4
2014-08-02,SKU_C,S2,3
2014-08-03,SKU_A,S1,6
2014-08-03,SKU_A,S2,5
2014-08-03,SKU_B,S1,6
2014-08-03,SKU_B,S2,6
2014-08-03,SKU_C,S1,3
2014-08-03,SKU_C,S2,3
2014-08-04,SKU_A,S1,5
2014-08-04,SKU_A,S2,4
2014-08-04,SKU_B,S1,7
2014-08-04,SKU_B,S2,6
2014-08-04,SKU_C,S1,2
2014-08-04,SKU_C,S2,2
2014-08-05,SKU_A,S1,5
2014-08-05,SKU_A,S2,4
2014-08-05,SKU_B,S1,6
2014-08-05,SKU_B,S2,6
2014-08-05,SKU_C,S1,4
2014-08-05,SKU_C,S2,4
2014-08-06,SKU_A,S1,5
2014-08-06,SKU_A,S2,4
2014-08-06,SKU_B,S1,7
2014-08-06,SKU_B,S2,7
2014-08-06,SKU_C,S1,3
2014-08-06,SKU_C,S2,2
2014-08-07,SKU_A,S1,5
2014-08-07,SKU_A,S2,5
2014-08-07,SKU_B,S1,6
2014-08-07,SKU_B,S2,6
2014-08-07,SKU_C,S1,3
2014-08-07,SKU_C,S2,2
2014-08-08,SKU_A,S1,5
2014-08-08,SKU_A,S2,4
2014-08-08,SKU_B,S1,7
2014-08-08,SKU_B,S2,6
2014-08-08,SKU_C,S1,3
2014-08-08,SKU_C,S2,3
2014-08-09,SKU_A,S1,4
2014-08-09,SKU_A,S2,4
2014-08-09,SKU_B,S1,6
2014-08-09,SKU_B,S2,6
2014-08-09,SKU_C,S1,3
2014-08-09,SKU_C,S2,2
2014-08-10,SKU_A,S1,5
2014-08-10,SKU_A,S2,4
2014-08-10,SKU_B,S1,6
2014-08-10,SKU_B,S2,6
2014-08-10,SKU_C,S1,2
2014-08-10,SKU_C,S2,2
2014-08-11,SKU_A,S1,4
2014-08-11,SKU_A,S2,4
2014-08-11,SKU_B,S1,6
2014-08-11,SKU_B,S2,6
2014-08-11,SKU_C,S1,3
2014-08-11,SKU_C,S2,2
2014-08-12,SKU_A,S1,4
2014-08-12,SKU_A,S2,3
2014-08-12,SKU_B,S1,7
2014-08-12,SKU_B,S2,6
2014-08-12,SKU_C,S1,3
2014-08-12,SKU_C,S2,3
2014-08-13,SKU_A,S1,5
2014-08-13,SKU_A,S2,4
2014-08-13,SKU_B,S1,6
2014-08-13,SKU_B,S2,5
2014-08-13,SKU_C,S1,4
2014-08-13,SKU_C,S2,3
2014-08-14,SKU_A,S1,5
2014-08-14,SKU_A,S2,5
2014-08-14,SKU_B,S1,7
2014-08-14,SKU_B,S2,7
2014-08-14,SKU_C,S1,3
2014-08-14,SKU_C,S2,3
2014-08-15,SKU_A,S1,5
2014-08-15,SKU_A,S2,5
2014-08-15,SKU_B,S1,6
2014-08-15,SKU_B,S2,6
2014-08-15,SKU_C,S1,4
2014-08-15,SKU_C,S2,3
2014-08-16,SKU_A,S1,5
2014-08-16,SKU_A,S2,5
2014-08-16,SKU_B,S1,7
2014-08-16,SKU_B,S2,6
2014-08-16,SKU_C,S1,3
2014-08-16,SKU_C,S2,2
2014-08-17,SKU_A,S1,5
2014-08-17,SKU_A,S2,4
2014-08-17,SKU_B,S1,6
2014-08-17,SKU_B,S2,6
2014-08-17,SKU_C,S1,4
2014-08-17,SKU_C,S2,3
2014-08-18,SKU_A,S1,6
2014-08-18,SKU_A,S2,5
2014-08-18,SKU_B,S1,6
2014-08-18,SKU_B,S2,6
2014-08-18,SKU_C,S1,3
2014-08-18,SKU_C,S2,3
2014-08-19,SKU_A,S1,5
2014-08-19,SKU_A,S2,5
2014-08-19,SKU_B,S1,6
2014-08-19,SKU_B,S2,6
2014-08-19,SKU_C,S1,4
2014-08-19,SKU_C,S2,3
2014-08-20,SKU_A,S1,4
2014-08-20,SKU_A,S2,3
2014-08-20,SKU_B,S1,6
2014-08-20,SKU_B,S2,5
2014-08-20,SKU_C,S1,3
2014-08-20,SKU_C,S2,2
2014-08-21,SKU_A,S1,4
2014-08-21,SKU_A,S2,3
2014-08-21,SKU_B,S1,6
2014-08-21,SKU_B,S2,5
2014-08-21,SKU_C,S1,3
2014-08-21,SKU_C,S2,2
2014-08-22,SKU_A,S1,5
2014-08-22,SKU_A,S2,4
2014-08-22,SKU_B,S1,7
2014-08-22,SKU_B,S2,6
2014-08-22,SKU_C,S1,3
2014-08-22,SKU_C,S2,3
2014-08-23,SKU_A,S1,4
2014-08-23,SKU_A,S2,4
2014-08-23,SKU_B,S1,6
2014-08-23,SKU_B,S2,6
2014-08-23,SKU_C,S1,4
2014-08-23,SKU_C,S2,3
2014-08-24,SKU_A,S1,4
2014-08-24,SKU_A,S2,4
2014-08-24,SKU_B,S1,6
2014-08-24,SKU_B,S2,5
2014-08-24,SKU_C,S1,4
2014-08-24,SKU_C,S2,3
2014-08-25,SKU_A,S1,5
2014-08-25,SKU_A,S2,4
2014-08-25,SKU_B,S1,7
2014-08-25,SKU_B,S2,6
2014-08-25,SKU_C,S1,3
2014-08-25,SKU_C,S2,3
2014-08-26,SKU_A,S1,5
2014-08-26,SKU_A,S2,5
2014-08-26,SKU_B,S1,6
2014-08-26,SKU_B,S2,5
2014-08-26,SKU_C,S1,3
2014-08-26,SKU_C,S2,3
2014-08-27,SKU_A,S1,5
2014-08-27,SKU_A,S2,4
2014-08-27,SKU_B,S1,6
2014-08-27,SKU_B,S2,5
2014-08-27,SKU_C,S1,2
2014-08-27,SKU_C,S2,2
2014-08-28,SKU_A,S1,5
2014-08-28,SKU_A,S2,5
2014-08-28,SKU_B,S1,6
2014-08-28,SKU_B,S2,6
2014-08-28,SKU_C,S1,3
2014-08-28,SKU_C,S2,2
2014-08-29,SKU_A,S1,5
2014-08-29,SKU_A,S2,4
2014-08-29,SKU_B,S1,7
2014-08-29,SKU_B,S2,6
2014-08-29,SKU_C,S1,2
2014-08-29,SKU_C,S2,2
2014-08-30,SKU_A,S1,4
2014-08-30,SKU_A,S2,4
2014-08-30,SKU_B,S1,6
2014-08-30,SKU_B,S2,5
2014-08-30,SKU_C,S1,4
2014-08-30,SKU_C,S2,3
2014-08-31,SKU_A,S1,5
2014-08-31,SKU_A,S2,5
2014-08-31,SKU_B,S1,7
2014-08-31,SKU_B,S2,6
2014-08-31,SKU_C,S1,3
2014-08-31,SKU_C,S2,2
2014-09-01,SKU_A,S1,4
2014-09-01,SKU_A,S2,4
2014-09-01,SKU_B,S1,6
2014-09-01,SKU_B,S2,6
2014-09-01,SKU_C,S1,3
2014-09-01,SKU_C,S2,3
2014-09-02,SKU_A,S1,5
2014-09-02,SKU_A,S2,5
2014-09-02,SKU_B,S1,6
2014-09-02,SKU_B,S2,6
2014-09-02,SKU_C,S1,3
2014-09-02,SKU_C,S2,3
2014-09-03,SKU_A,S1,5
2014-09-03,SKU_A,S2,5
2014-09-03,SKU_B,S1,7
2014-09-03,SKU_B,S2,6
2014-09-03,SKU_C,S1,4
2014-09-03,SKU_C,S2,3
2014-09-04,SKU_A,S1,4
2014-09-04,SKU_A,S2,4
2014-09-04,SKU_B,S1,5
2014-09-04,SKU_B,S2,5
2014-09-04,SKU_C,S1,4
2014-09-04,SKU_C,S2,3
2014-09-05,SKU_A,S1,6
2014-09-05,SKU_A,S2,5
2014-09-05,SKU_B,S1,6
2014-09-05,SKU_B,S2,5
2014-09-05,SKU_C,S1,2
2014-09-05,SKU_C,S2,2
2014-09-06,SKU_A,S1,5
2014-09-06,SKU_A,S2,4
2014-09-06,SKU_B,S1,7
2014-09-06,SKU_B,S2,6
2014-09-06,SKU_C,S1,4
2014-09-06,SKU_C,S2,4
2014-09-07,SKU_A,S1,5
2014-09-07,SKU_A,S2,5
2014-09-07,SKU_B,S1,6
2014-09-07,SKU_B,S2,6
2014-09-07,SKU_C,S1,3
2014-09-07,SKU_C,S2,2
2014-09-08,SKU_A,S1,5
2014-09-08,SKU_A,S2,4
2014-09-08,SKU_B,S1,6
2014-09-08,SKU_B,S2,6
2014-09-08,SKU_C,S1,3
2014-09-08,SKU_C,S2,2
2014-09-09,SKU_A,S1,6
2014-09-09,SKU_A,S2,5
2014-09-09,SKU_B,S1,7
2014-09-09,SKU_B,S2,7
2014-09-09,SKU_C,S1,4
2014-09-09,SKU_C,S2,3
2014-09-10,SKU_A,S1,4
2014-09-10,SKU_A,S2,4
2014-09-10,SKU_B,S1,7
2014-09-10,SKU_B,S2,6
2014-09-10,SKU_C,S1,4
2014-09-10,SKU_C,S2,3
2014-09-11,SKU_A,S1,5
2014-09-11,SKU_A,S2,5
2014-09-11,SKU_B,S1,7
2014-09-11,SKU_B,S2,6
2014-09-11,SKU_C,S1,4
2014-09-11,SKU_C,S2,3
2014-09-12,SKU_A,S1,5
2014-09-12,SKU_A,S2,5
2014-09-12,SKU_B,S1,7
2014-09-12,SKU_B,S2,6
2014-09-12,SKU_C,S1,3
2014-09-12,SKU_C,S2,3
2014-09-13,SKU_A,S1,4
2014-09-13,SKU_A,S2,4
2014-09-13,SKU_B,S1,6
2014-09-13,SKU_B,S2,6
2014-09-13,SKU_C,S1,3
2014-09-13,SKU_C,S2,2
2014-09-14,SKU_A,S1,4
2014-09-14,SKU_A,S2,4
2014-09-14,SKU_B,S1,7
2014-09-14,SKU_B,S2,7
2014-09-14,SKU_C,S1,4
2014-09-14,SKU_C,S2,4
2014-09-15,SKU_A,S1,6
2014-09-15,SKU_A,S2,5
2014-09-15,SKU_B,S1,6
2014-09-15,SKU_B,S2,6
2014-09-15,SKU_C,S1,4
2014-09-15,SKU_C,S2,3
2014-09-16,SKU_A,S1,5
2014-09-16,SKU_A,S2,4
2014-09-16,SKU_B,S1,6
2014-09-16,SKU_B,S2,6
2014-09-16,SKU_C,S1,3
2014-09-16,SKU_C,S2,2
2014-09-17,SKU_A,S1,5
2014-09-17,SKU_A,S2,5
2014-09-17,SKU_B,S1,6
2014-09-17,SKU_B,S2,6
2014-09-17,SKU_C,S1,3
2014-09-17,SKU_C,S2,2
2014-09-18,SKU_A,S1,5
2014-09-18,SKU_A,S2,4
2014-09-18,SKU_B,S1,6
2014-09-18,SKU_B,S2,6
2014-09-18,SKU_C,S1,4
2014-09-18,SKU_C,S2,4
2014-09-19,SKU_A,S1,5
2014-09-19,SKU_A,S2,5
2014-09-19,SKU_B,S1,6
2014-09-19,SKU_B,S2,6
2014-09-19,SKU_C,S1,3
2014-09-19,SKU_C,S2,3
2014-09-20,SKU_A,S1,5
2014-09-20,SKU_A,S2,4
2014-09-20,SKU_B,S1,6
2014-09-20,SKU_B,S2,6
2014-09-20,SKU_C,S1,3
2014-09-20,SKU_C,S2,2
2014-09-21,SKU_A,S1,5
2014-09-21,SKU_A,S2,4
2014-09-21,SKU_B,S1,6
2014-09-21,SKU_B,S2,5
2014-09-21,SKU_C,S1,3
2014-09-21,SKU_C,S2,2
2014-09-22,SKU_A,S1,5
2014-09-22,SKU_A,S2,5
2014-09-22,SKU_B,S1,6
2014-09-22,SKU_B,S2,6
2014-09-22,SKU_C,S1,2
2014-09-22,SKU_C,S2,2
2014-09-23,SKU_A,S1,5
2014-09-23,SKU_A,S2,4
2014-09-23,SKU_B,S1,7
2014-09-23,SKU_B,S2,6
2014-09-23,SKU_C,S1,4
2014-09-23,SKU_C,S2,3
2014-09-24,SKU_A,S1,5
2014-09-24,SKU_A,S2,5
2014-09-24,SKU_B,S1,6
2014-09-24,SKU_B,S2,6
2014-09-24,SKU_C,S1,3
2014-09-24,SKU_C,S2,2
2014-09-25,SKU_A,S1,4
2014-09-25,SKU_A,S2,4
2014-09-25,SKU_B,S1,6
2014-09-25,SKU_B,S2,6
2014-09-25,SKU_C,S1,3
2014-09-25,SKU_C,S2,3
2014-09-26,SKU_A,S1,6
2014-09-26,SKU_A,S2,5
2014-09-26,SKU_B,S1,7
2014-09-26,SKU_B,S2,6
2014-09-26,SKU_C,S1,3
2014-09-26,SKU_C,S2,3
2014-09-27,SKU_A,S1,4
2014-09-27,SKU_A,S2,4
2014-09-27,SKU_B,S1,6
2014-09-27,SKU_B,S2,6
2014-09-27,SKU_C,S1,3
2014-09-27,SKU_C,S2,3
2014-09-28,SKU_A,S1,5
2014-09-28,SKU_A,S2,4
2014-09-28,SKU_B,S1,6
2014-09-28,SKU_B,S2,5
2014-09-28,SKU_C,S1,3
2014-09-28,SKU_C,S2,3
2014-09-29,SKU_A,S1,5
2014-09-29,SKU_A,S2,4
2014-09-29,SKU_B,S1,6
2014-09-29,SKU_B,S2,5
2014-09-29,SKU_C,S1,3
2014-09-29,SKU_C,S2,3
2014-09-30,SKU_A,S1,5
2014-09-30,SKU_A,S2,4
2014-09-30,SKU_B,S1,6
2014-09-30,SKU_B,S2,6
2014-09-30,SKU_C,S1,3
2014-09-30,SKU_C,S2,3
2014-10-01,SKU_A,S1,4
2014-10-01,SKU_A,S2,4
2014-10-01,SKU_B,S1,6
2014-10-01,SKU_B,S2,6
2014-10-01,SKU_C,S1,4
2014-10-01,SKU_C,S2,3
2014-10-02,SKU_A,S1,4
2014-10-02,SKU_A,S2,4
2014-10-02,SKU_B,S1,5
2014-10-02,SKU_B,S2,5
2014-10-02,SKU_C,S1,2
2014-10-02,SKU_C,S2,2
2014-10-03,SKU_A,S1,5
2014-10-03,SKU_A,S2,5
2014-10-03,SKU_B,S1,6
2014-10-03,SKU_B,S2,6
2014-10-03,SKU_C,S1,3
2014-10-03,SKU_C,S2,3
2014-10-04,SKU_A,S1,6
2014-10-04,SKU_A,S2,5
2014-10-04,SKU_B,S1,5
2014-10-04,SKU_B,S2,4
2014-10-04,SKU_C,S1,3
2014-10-04,SKU_C,S2,3
2014-10-05,SKU_A,S1,6
2014-10-05,SKU_A,S2,5
2014-10-05,SKU_B,S1,6
2014-10-05,SKU_B,S2,5
2014-10-05,SKU_C,S1,3
2014-10-05,SKU_C,S2,3
2014-10-06,SKU_A,S1,5
2014-10-06,SKU_A,S2,4
2014-10-06,SKU_B,S1,6
2014-10-06,SKU_B,S2,5
2014-10-06,SKU_C,S1,3
2014-10-06,SKU_C,S2,3
2014-10-07,SKU_A,S1,6
2014-10-07,SKU_A,S2,5
2014-10-07,SKU_B,S1,7
2014-10-07,SKU_B,S2,7
2014-10-07,SKU_C,S1,3
2014-10-07,SKU_C,S2,3
2014-10-08,SKU_A,S1,6
2014-10-08,SKU_A,S2,5
2014-10-08,SKU_B,S1,6
2014-10-08,SKU_B,S2,6
2014-10-08,SKU_C,S1,4
2014-10-08,SKU_C,S2,4
2014-10-09,SKU_A,S1,5
2014-10-09,SKU_A,S2,4
2014-10-09,SKU_B,S1,6
2014-10-09,SKU_B,S2,6
2014-10-09,SKU_C,S1,3
2014-10-09,SKU_C,S2,3
2014-10-10,SKU_A,S1,7
2014-10-10,SKU_A,S2,6
2014-10-10,SKU_B,S1,7
2014-10-10,SKU_B,S2,6
2014-10-10,SKU_C,S1,3
2014-10-10,SKU_C,S2,2
2014-10-11,SKU_A,S1,6
2014-10-11,SKU_A,S2,5
2014-10-11,SKU_B,S1,6
2014-10-11,SKU_B,S2,6
2014-10-11,SKU_C,S1,3
2014-10-11,SKU_C,S2,3
2014-10-12,SKU_A,S1,5
2014-10-12,SKU_A,S2,5
2014-10-12,SKU_B,S1,6
2014-10-12,SKU_B,S2,6
2014-10-12,SKU_C,S1,3
2014-10-12,SKU_C,S2,3
2014-10-13,SKU_A,S1,5
2014-10-13,SKU_A,S2,5
2014-10-13,SKU_B,S1,6
2014-10-13,SKU_B,S2,6
2014-10-13,SKU_C,S1,3
2014-10-13,SKU_C,S2,3
2014-10-14,SKU_A,S1,4
2014-10-14,SKU_A,S2,4
2014-10-14,SKU_B,S1,7
2014-10-14,SKU_B,S2,6
2014-10-14,SKU_C,S1,3
2014-10-14,SKU_C,S2,2
2014-10-15,SKU_A,S1,4
2014-10-15,SKU_A,S2,4
2014-10-15,SKU_B,S1,6
2014-10-15,SKU_B,S2,6
2014-10-15,SKU_C,S1,3
2014-10-15,SKU_C,S2,3
2014-10-16,SKU_A,S1,5
2014-10-16,SKU_A,S2,4
2014-10-16,SKU_B,S1,7
2014-10-16,SKU_B,S2,6
2014-10-16,SKU_C,S1,3
2014-10-16,SKU_C,S2,2
2014-10-17,SKU_A,S1,5
2014-10-17,SKU_A,S2,4
2014-10-17,SKU_B,S1,6
2014-10-17,SKU_B,S2,5
2014-10-17,SKU_C,S1,3
2014-10-17,SKU_C,S2,3
2014-10-18,SKU_A,S1,5
2014-10-18,SKU_A,S2,5
2014-10-18,SKU_B,S1,6
2014-10-18,SKU_B,S2,5
2014-10-18,SKU_C,S1,4
2014-10-18,SKU_C,S2,3
2014-10-19,SKU_A,S1,5
2014-10-19,SKU_A,S2,5
2014-10-19,SKU_B,S1,5
2014-10-19,SKU_B,S2,5
2014-10-19,SKU_C,S1,2
2014-10-19,SKU_C,S2,2
2014-10-20,SKU_A,S1,5
2014-10-20,SKU_A,S2,5
2014-10-20,SKU_B,S1,6
2014-10-20,SKU_B,S2,6
2014-10-20,SKU_C,S1,3
2014-10-20,SKU_C,S2,3
2014-10-21,SKU_A,S1,5
2014-10-21,SKU_A,S2,5
2014-10-21,SKU_B,S1,6
2014-10-21,SKU_B,S2,6
2014-10-21,SKU_C,S1,4
2014-10-21,SKU_C,S2,3
2014-10-22,SKU_A,S1,4
2014-10-22,SKU_A,S2,4
2014-10-22,SKU_B,S1,6
2014-10-22,SKU_B,S2,5
2014-10-22,SKU_C,S1,3
2014-10-22,SKU_C,S2,2
2014-10-23,SKU_A,S1,5
2014-10-23,SKU_A,S2,5
2014-10-23,SKU_B,S1,7
2014-10-23,SKU_B,S2,6
2014-10-23,SKU_C,S1,3
2014-10-23,SKU_C,S2,3
2014-10-24,SKU_A,S1,4
2014-10-24,SKU_A,S2,3
2014-10-24,SKU_B,S1,5
2014-10-24,SKU_B,S2,5
2014-10-24,SKU_C,S1,3
2014-10-24,SKU_C,S2,2
2014-10-25,SKU_A,S1,5
2014-10-25,SKU_A,S2,4
2014-10-25,SKU_B,S1,6
2014-10-25,SKU_B,S2,6
2014-10-25,SKU_C,S1,3
2014-10-25,SKU_C,S2,3
2014-10-26,SKU_A,S1,5
2014-10-26,SKU_A,S2,4
2014-10-26,SKU_B,S1,7
2014-10-26,SKU_B,S2,6
2014-10-26,SKU_C,S1,3
2014-10-26,SKU_C,S2,2
2014-10-27,SKU_A,S1,5
2014-10-27,SKU_A,S2,4
2014-10-27,SKU_B,S1,6
2014-10-27,SKU_B,S2,6
2014-10-27,SKU_C,S1,2
2014-10-27,SKU_C,S2,2
2014-10-28,SKU_A,S1,5
2014-10-28,SKU_A,S2,5
2014-10-28,SKU_B,S1,6
2014-10-28,SKU_B,S2,6
2014-10-28,SKU_C,S1,3
2014-10-28,SKU_C,S2,3
2014-10-29,SKU_A,S1,6
2014-10-29,SKU_A,S2,5
2014-10-29,SKU_B,S1,6
2014-10-29,SKU_B,S2,5
2014-10-29,SKU_C,S1,4
2014-10-29,SKU_C,S2,4
2014-10-30,SKU_A,S1,5
2014-10-30,SKU_A,S2,4
2014-10-30,SKU_B,S1,6
2014-10-30,SKU_B,S2,5
2014-10-30,SKU_C,S1,3
2014-10-30,SKU_C,S2,3
2014-10-31,SKU_A,S1,5
2014-10-31,SKU_A,S2,4
2014-10-31,SKU_B,S1,6
2014-10-31,SKU_B,S2,5
2014-10-31,SKU_C,S1,3
2014-10-31,SKU_C,S2,3
2014-11-01,SKU_A,S1,5
2014-11-01,SKU_A,S2,5
2014-11-01,SKU_B,S1,6
2014-11-01,SKU_B,S2,5
2014-11-01,SKU_C,S1,4
2014-11-01,SKU_C,S2,3
2014-11-02,SKU_A,S1,6
2014-11-02,SKU_A,S2,5
2014-11-02,SKU_B,S1,7
2014-11-02,SKU_B,S2,6
2014-11-02,SKU_C,S1,4
2014-11-02,SKU_C,S2,3
2014-11-03,SKU_A,S1,6
2014-11-03,SKU_A,S2,5
2014-11-03,SKU_B,S1,5
2014-11-03,SKU_B,S2,5
2014-11-03,SKU_C,S1,3
2014-11-03,SKU_C,S2,3
2014-11-04,SKU_A,S1,5
2014-11-04,SKU_A,S2,4
2014-11-04,SKU_B,S1,6
2014-11-04,SKU_B,S2,6
2014-11-04,SKU_C,S1,3
2014-11-04,SKU_C,S2,2
2014-11-05,SKU_A,S1,5
2014-11-05,SKU_A,S2,5
2014-11-05,SKU_B,S1,7
2014-11-05,SKU_B,S2,7
2014-11-05,SKU_C,S1,3
2014-11-05,SKU_C,S2,3
2014-11-06,SKU_A,S1,5
2014-11-06,SKU_A,S2,5
2014-11-06,SKU_B,S1,6
2014-11-06,SKU_B,S2,6
2014-11-06,SKU_C,S1,3
2014-11-06,SKU_C,S2,3
2014-11-07,SKU_A,S1,5
2014-11-07,SKU_A,S2,5
2014-11-07,SKU_B,S1,6
2014-11-07,SKU_B,S2,6
2014-11-07,SKU_C,S1,4
2014-11-07,SKU_C,S2,3
2014-11-08,SKU_A,S1,6
2014-11-08,SKU_A,S2,5
2014-11-08,SKU_B,S1,6
2014-11-08,SKU_B,S2,6
2014-11-08,SKU_C,S1,4
2014-11-08,SKU_C,S2,3
2014-11-09,SKU_A,S1,5
2014-11-09,SKU_A,S2,4
2014-11-09,SKU_B,S1,6
2014-11-09,SKU_B,S2,6
2014-11-09,SKU_C,S1,4
2014-11-09,SKU_C,S2,3
2014-11-10,SKU_A,S1,6
2014-11-10,SKU_A,S2,5
2014-11-10,SKU_B,S1,6
2014-11-10,SKU_B,S2,6
2014-11-10,SKU_C,S1,4
2014-11-10,SKU_C,S2,3
2014-11-11,SKU_A,S1,5
2014-11-11,SKU_A,S2,5
2014-11-11,SKU_B,S1,7
2014-11-11,SKU_B,S2,6
2014-11-11,SKU_C,S1,3
2014-11-11,SKU_C,S2,3
2014-11-12,SKU_A,S1,5
2014-11-12,SKU_A,S2,4
2014-11-12,SKU_B,S1,6
2014-11-12,SKU_B,S2,6
2014-11-12,SKU_C,S1,2
2014-11-12,SKU_C,S2,1
2014-11-13,SKU_A,S1,5
2014-11-13,SKU_A,S2,5
2014-11-13,SKU_B,S1,4
2014-11-13,SKU_B,S2,4
2014-11-13,SKU_C,S1,2
2014-11-13,SKU_C,S2,2
2014-11-14,SKU_A,S1,5
2014-11-14,SKU_A,S2,5
2014-11-14,SKU_B,S1,6
2014-11-14,SKU_B,S2,6
2014-11-14,SKU_C,S1,3
2014-11-14,SKU_C,S2,2
2014-11-15,SKU_A,S1,5
2014-11-15,SKU_A,S2,4
2014-11-15,SKU_B,S1,7
2014-11-15,SKU_B,S2,6
2014-11-15,SKU_C,S1,3
2014-11-15,SKU_C,S2,3
2014-11-16,SKU_A,S1,6
2014-11-16,SKU_A,S2,6
2014-11-16,SKU_B,S1,6
2014-11-16,SKU_B,S2,6
2014-11-16,SKU_C,S1,3
2014-11-16,SKU_C,S2,3
2014-11-17,SKU_A,S1,6
2014-11-17,SKU_A,S2,5
2014-11-17,SKU_B,S1,6
2014-11-17,SKU_B,S2,6
2014-11-17,SKU_C,S1,3
2014-11-17,SKU_C,S2,2
2014-11-18,SKU_A,S1,5
2014-11-18,SKU_A,S2,5
2014-11-18,SKU_B,S1,6
2014-11-18,SKU_B,S2,6
2014-11-18,SKU_C,S1,3
2014-11-18,SKU_C,S2,2
2014-11-19,SKU_A,S1,5
2014-11-19,SKU_A,S2,5
2014-11-19,SKU_B,S1,6
2014-11-19,SKU_B,S2,5
2014-11-19,SKU_C,S1,4
2014-11-19,SKU_C,S2,3
2014-11-20,SKU_A,S1,5
2014-11-20,SKU_A,S2,5
2014-11-20,SKU_B,S1,6
2014-11-20,SKU_B,S2,6
2014-11-20,SKU_C,S1,3
2014-11-20,SKU_C,S2,3
2014-11-21,SKU_A,S1,5
2014-11-21,SKU_A,S2,5
2014-11-21,SKU_B,S1,7
2014-11-21,SKU_B,S2,6
2014-11-21,SKU_C,S1,3
2014-11-21,SKU_C,S2,2
2014-11-22,SKU_A,S1,5
2014-11-22,SKU_A,S2,4
2014-11-22,SKU_B,S1,7
2014-11-22,SKU_B,S2,6
2014-11-22,SKU_C,S1,3
2014-11-22,SKU_C,S2,3
2014-11-23,SKU_A,S1,4
2014-11-23,SKU_A,S2,4
2014-11-23,SKU_B,S1,6
2014-11-23,SKU_B,S2,6
2014-11-23,SKU_C,S1,3
2014-11-23,SKU_C,S2,3
2014-11-24,SKU_A,S1,4
2014-11-24,SKU_A,S2,4
2014-11-24,SKU_B,S1,6
2014-11-24,SKU_B,S2,6
2014-11-24,SKU_C,S1,4
2014-11-24,SKU_C,S2,3
2014-11-25,SKU_A,S1,5
2014-11-25,SKU_A,S2,5
2014-11-25,SKU_B,S1,7
2014-11-25,SKU_B,S2,6
2014-11-25,SKU_C,S1,3
2014-11-25,SKU_C,S2,2
2014-11-26,SKU_A,S1,5
2014-11-26,SKU_A,S2,5
2014-11-26,SKU_B,S1,6
2014-11-26,SKU_B,S2,6
2014-11-26,SKU_C,S1,3
2014-11-26,SKU_C,S2,3
2014-11-27,SKU_A,S1,6
2014-11-27,SKU_A,S2,5
2014-11-27,SKU_B,S1,7
2014-11-27,SKU_B,S2,6
2014-11-27,SKU_C,S1,4
2014-11-27,SKU_C,S2,4
2014-11-28,SKU_A,S1,6
2014-11-28,SKU_A,S2,5
2014-11-28,SKU_B,S1,6
2014-11-28,SKU_B,S2,6
2014-11-28,SKU_C,S1,3
2014-11-28,SKU_C,S2,3
2014-11-29,SKU_A,S1,6
2014-11-29,SKU_A,S2,5
2014-11-29,SKU_B,S1,6
2014-11-29,SKU_B,S2,6
2014-11-29,SKU_C,S1,3
2014-11-29,SKU_C,S2,3
2014-11-30,SKU_A,S1,6
2014-11-30,SKU_A,S2,5
2014-11-30,SKU_B,S1,6
2014-11-30,SKU_B,S2,6
2014-11-30,SKU_C,S1,3
2014-11-30,SKU_C,S2,2
2014-12-01,SKU_A,S1,5
2014-12-01,SKU_A,S2,4
2014-12-01,SKU_B,S1,9
2014-12-01,SKU_B,S2,9
2014-12-01,SKU_C,S1,3
2014-12-01,SKU_C,S2,3
2014-12-02,SKU_A,S1,5
2014-12-02,SKU_A,S2,5
2014-12-02,SKU_B,S1,9
2014-12-02,SKU_B,S2,9
2014-12-02,SKU_C,S1,3
2014-12-02,SKU_C,S2,3
2014-12-03,SKU_A,S1,6
2014-12-03,SKU_A,S2,5
2014-12-03,SKU_B,S1,9
2014-12-03,SKU_B,S2,8
2014-12-03,SKU_C,S1,3
2014-12-03,SKU_C,S2,2
2014-12-04,SKU_A,S1,6
2014-12-04,SKU_A,S2,5
2014-12-04,SKU_B,S1,8
2014-12-04,SKU_B,S2,8
2014-12-04,SKU_C,S1,2
2014-12-04,SKU_C,S2,2
2014-12-05,SKU_A,S1,5
2014-12-05,SKU_A,S2,4
2014-12-05,SKU_B,S1,8
2014-12-05,SKU_B,S2,8
2014-12-05,SKU_C,S1,3
2014-12-05,SKU_C,S2,3
2014-12-06,SKU_A,S1,5
2014-12-06,SKU_A,S2,5
2014-12-06,SKU_B,S1,9
2014-12-06,SKU_B,S2,8
2014-12-06,SKU_C,S1,4
2014-12-06,SKU_C,S2,3
2014-12-07,SKU_A,S1,5
2014-12-07,SKU_A,S2,5
2014-12-07,SKU_B,S1,9
2014-12-07,SKU_B,S2,8
2014-12-07,SKU_C,S1,3
2014-12-07,SKU_C,S2,3
2014-12-08,SKU_A,S1,5
2014-12-08,SKU_A,S2,5
2014-12-08,SKU_B,S1,8
2014-12-08,SKU_B,S2,7
2014-12-08,SKU_C,S1,3
2014-12-08,SKU_C,S2,3
2014-12-09,SKU_A,S1,4
2014-12-09,SKU_A,S2,4
2014-12-09,SKU_B,S1,9
2014-12-09,SKU_B,S2,8
2014-12-09,SKU_C,S1,3
2014-12-09,SKU_C,S2,3
2014-12-10,SKU_A,S1,6
2014-12-10,SKU_A,S2,5
2014-12-10,SKU_B,S1,9
2014-12-10,SKU_B,S2,9
2014-12-10,SKU_C,S1,3
2014-12-10,SKU_C,S2,3
2014-12-11,SKU_A,S1,5
2014-12-11,SKU_A,S2,4
2014-12-11,SKU_B,S1,9
2014-12-11,SKU_B,S2,8
2014-12-11,SKU_C,S1,3
2014-12-11,SKU_C,S2,2
2014-12-12,SKU_A,S1,5
2014-12-12,SKU_A,S2,5
2014-12-12,SKU_B,S1,9
2014-12-12,SKU_B,S2,9
2014-12-12,SKU_C,S1,3
2014-12-12,SKU_C,S2,2
2014-12-13,SKU_A,S1,6
2014-12-13,SKU_A,S2,5
2014-12-13,SKU_B,S1,9
2014-12-13,SKU_B,S2,9
2014-12-13,SKU_C,S1,3
2014-12-13,SKU_C,S2,2
2014-12-14,SKU_A,S1,6
2014-12-14,SKU_A,S2,5
2014-12-14,SKU_B,S1,9
2014-12-14,SKU_B,S2,9
2014-12-14,SKU_C,S1,3
2014-12-14,SKU_C,S2,3
2014-12-15,SKU_A,S1,5
2014-12-15,SKU_A,S2,4
2014-12-15,SKU_B,S1,8
2014-12-15,SKU_B,S2,8
2014-12-15,SKU_C,S1,3
2014-12-15,SKU_C,S2,2
2014-12-16,SKU_A,S1,5
2014-12-16,SKU_A,S2,5
2014-12-16,SKU_B,S1,8
2014-12-16,SKU_B,S2,8
2014-12-16,SKU_C,S1,3
2014-12-16,SKU_C,S2,3
2014-12-17,SKU_A,S1,5
2014-12-17,SKU_A,S2,4
2014-12-17,SKU_B,S1,9
2014-12-17,SKU_B,S2,8
2014-12-17,SKU_C,S1,3
2014-12-17,SKU_C,S2,3
2014-12-18,SKU_A,S1,6
2014-12-18,SKU_A,S2,6
2014-12-18,SKU_B,S1,8
2014-12-18,SKU_B,S2,8
2014-12-18,SKU_C,S1,4
2014-12-18,SKU_C,S2,3
2014-12-19,SKU_A,S1,5
2014-12-19,SKU_A,S2,5
2014-12-19,SKU_B,S1,9
2014-12-19,SKU_B,S2,8
2014-12-19,SKU_C,S1,3
2014-12-19,SKU_C,S2,3
2014-12-20,SKU_A,S1,5
2014-12-20,SKU_A,S2,5
2014-12-20,SKU_B,S1,9
2014-12-20,SKU_B,S2,8
2014-12-20,SKU_C,S1,4
2014-12-20,SKU_C,S2,3
2014-12-21,SKU_A,S1,5
2014-12-21,SKU_A,S2,4
2014-12-21,SKU_B,S1,9
2014-12-21,SKU_B,S2,9
2014-12-21,SKU_C,S1,3
2014-12-21,SKU_C,S2,2
2014-12-22,SKU_A,S1,5
2014-12-22,SKU_A,S2,5
2014-12-22,SKU_B,S1,8
2014-12-22,SKU_B,S2,8
2014-12-22,SKU_C,S1,3
2014-12-22,SKU_C,S2,3
2014-12-23,SKU_A,S1,6
2014-12-23,SKU_A,S2,5
2014-12-23,SKU_B,S1,9
2014-12-23,SKU_B,S2,8
2014-12-23,SKU_C,S1,3
2014-12-23,SKU_C,S2,3
2014-12-24,SKU_A,S1,5
2014-12-24,SKU_A,S2,4
2014-12-24,SKU_B,S1,9
2014-12-24,SKU_B,S2,8
2014-12-24,SKU_C,S1,2
2014-12-24,SKU_C,S2,2
2014-12-25,SKU_A,S1,5
2014-12-25,SKU_A,S2,4
2014-12-25,SKU_B,S1,9
2014-12-25,SKU_B,S2,8
2014-12-25,SKU_C,S1,4
2014-12-25,SKU_C,S2,3
2014-12-26,SKU_A,S1,7
2014-12-26,SKU_A,S2,6
2014-12-26,SKU_B,S1,8
2014-12-26,SKU_B,S2,8
2014-12-26,SKU_C,S1,4
2014-12-26,SKU_C,S2,3
2014-12-27,SKU_A,S1,5
2014-12-27,SKU_A,S2,5
2014-12-27,SKU_B,S1,9
2014-12-27,SKU_B,S2,8
2014-12-27,SKU_C,S1,3
2014-12-27,SKU_C,S2,3
2014-12-28,SKU_A,S1,5
2014-12-28,SKU_A,S2,5
2014-12-28,SKU_B,S1,9
2014-12-28,SKU_B,S2,8
2014-12-28,SKU_C,S1,3
2014-12-28,SKU_C,S2,3
2014-12-29,SKU_A,S1,5
2014-12-29,SKU_A,S2,4
2014-12-29,SKU_B,S1,8
2014-12-29,SKU_B,S2,7
2014-12-29,SKU_C,S1,4
2014-12-29,SKU_C,S2,3
2014-12-30,SKU_A,S1,5
2014-12-30,SKU_A,S2,5
2014-12-30,SKU_B,S1,8
2014-12-30,SKU_B,S2,8
2014-12-30,SKU_C,S1,3
2014-12-30,SKU_C,S2,3
2014-12-31,SKU_A,S1,6
2014-12-31,SKU_A,S2,5
2014-12-31,SKU_B,S1,9
2014-12-31,SKU_B,S2,8
2014-12-31,SKU_C,S1,3
2014-12-31,SKU_C,S2,2
2015-01-01,SKU_A,S1,6
2015-01-01,SKU_A,S2,5
2015-01-01,SKU_B,S1,7
2015-01-01,SKU_B,S2,7
2015-01-01,SKU_C,S1,3
2015-01-01,SKU_C,S2,3
2015-01-02,SKU_A,S1,6
2015-01-02,SKU_A,S2,5
2015-01-02,SKU_B,S1,7
2015-01-02,SKU_B,S2,6
2015-01-02,SKU_C,S1,4
2015-01-02,SKU_C,S2,3
2015-01-03,SKU_A,S1,6
2015-01-03,SKU_A,S2,5
2015-01-03,SKU_B,S1,7
2015-01-03,SKU_B,S2,6
2015-01-03,SKU_C,S1,4
2015-01-03,SKU_C,S2,3
2015-01-04,SKU_A,S1,5
2015-01-04,SKU_A,S2,4
2015-01-04,SKU_B,S1,7
2015-01-04,SKU_B,S2,6
2015-01-04,SKU_C,S1,3
2015-01-04,SKU_C,S2,2
2015-01-05,SKU_A,S1,5
2015-01-05,SKU_A,S2,4
2015-01-05,SKU_B,S1,7
2015-01-05,SKU_B,S2,6
2015-01-05,SKU_C,S1,4
2015-01-05,SKU_C,S2,3
2015-01-06,SKU_A,S1,6
2015-01-06,SKU_A,S2,6
2015-01-06,SKU_B,S1,6
2015-01-06,SKU_B,S2,6
2015-01-06,SKU_C,S1,3
2015-01-06,SKU_C,S2,2
2015-01-07,SKU_A,S1,5
2015-01-07,SKU_A,S2,5
2015-01-07,SKU_B,S1,6
2015-01-07,SKU_B,S2,6
2015-01-07,SKU_C,S1,3
2015-01-07,SKU_C,S2,3
2015-01-08,SKU_A,S1,6
2015-01-08,SKU_A,S2,5
2015-01-08,SKU_B,S1,6
2015-01-08,SKU_B,S2,6
2015-01-08,SKU_C,S1,3
2015-01-08,SKU_C,S2,3
2015-01-09,SKU_A,S1,5
2015-01-09,SKU_A,S2,4
2015-01-09,SKU_B,S1,6
2015-01-09,SKU_B,S2,6
2015-01-09,SKU_C,S1,3
2015-01-09,SKU_C,S2,3
2015-01-10,SKU_A,S1,5
2015-01-10,SKU_A,S2,4
2015-01-10,SKU_B,S1,6
2015-01-10,SKU_B,S2,6
2015-01-10,SKU_C,S1,3
2015-01-10,SKU_C,S2,3
2015-01-11,SKU_A,S1,5
2015-01-11,SKU_A,S2,5
2015-01-11,SKU_B,S1,7
2015-01-11,SKU_B,S2,7
2015-01-11,SKU_C,S1,3
2015-01-11,SKU_C,S2,3
2015-01-12,SKU_A,S1,5
2015-01-12,SKU_A,S2,5
2015-01-12,SKU_B,S1,5
2015-01-12,SKU_B,S2,5
2015-01-12,SKU_C,S1,3
2015-01-12,SKU_C,S2,2
2015-01-13,SKU_A,S1,5
2015-01-13,SKU_A,S2,5
2015-01-13,SKU_B,S1,6
2015-01-13,SKU_B,S2,5
2015-01-13,SKU_C,S1,4
2015-01-13,SKU_C,S2,3
2015-01-14,SKU_A,S1,5
2015-01-14,SKU_A,S2,5
2015-01-14,SKU_B,S1,7
2015-01-14,SKU_B,S2,6
2015-01-14,SKU_C,S1,3
2015-01-14,SKU_C,S2,3
2015-01-15,SKU_A,S1,5
2015-01-15,SKU_A,S2,5
2015-01-15,SKU_B,S1,6
2015-01-15,SKU_B,S2,6
2015-01-15,SKU_C,S1,3
2015-01-15,SKU_C,S2,3
2015-01-16,SKU_A,S1,6
2015-01-16,SKU_A,S2,6
2015-01-16,SKU_B,S1,5
2015-01-16,SKU_B,S2,5
2015-01-16,SKU_C,S1,2
2015-01-16,SKU_C,S2,2
2015-01-17,SKU_A,S1,5
2015-01-17,SKU_A,S2,5
2015-01-17,SKU_B,S1,6
2015-01-17,SKU_B,S2,6
2015-01-17,SKU_C,S1,4
2015-01-17,SKU_C,S2,3
2015-01-18,SKU_A,S1,6
2015-01-18,SKU_A,S2,5
2015-01-18,SKU_B,S1,6
2015-01-18,SKU_B,S2,6
2015-01-18,SKU_C,S1,4
2015-01-18,SKU_C,S2,3
2015-01-19,SKU_A,S1,6
2015-01-19,SKU_A,S2,5
2015-01-19,SKU_B,S1,6
2015-01-19,SKU_B,S2,6
2015-01-19,SKU_C,S1,4
2015-01-19,SKU_C,S2,3
2015-01-20,SKU_A,S1,5
2015-01-20,SKU_A,S2,5
2015-01-20,SKU_B,S1,6
2015-01-20,SKU_B,S2,5
2015-01-20,SKU_C,S1,4
2015-01-20,SKU_C,S2,3
2015-01-21,SKU_A,S1,5
2015-01-21,SKU_A,S2,5
2015-01-21,SKU_B,S1,6
2015-01-21,SKU_B,S2,6
2015-01-21,SKU_C,S1,4
2015-01-21,SKU_C,S2,3
2015-01-22,SKU_A,S1,4
2015-01-22,SKU_A,S2,4
2015-01-22,SKU_B,S1,6
2015-01-22,SKU_B,S2,5
2015-01-22,SKU_C,S1,3
2015-01-22,SKU_C,S2,2
2015-01-23,SKU_A,S1,5
2015-01-23,SKU_A,S2,5
2015-01-23,SKU_B,S1,6
2015-01-23,SKU_B,S2,6
2015-01-23,SKU_C,S1,2
2015-01-23,SKU_C,S2,2
2015-01-24,SKU_A,S1,5
2015-01-24,SKU_A,S2,4
2015-01-24,SKU_B,S1,6
2015-01-24,SKU_B,S2,5
2015-01-24,SKU_C,S1,4
2015-01-24,SKU_C,S2,4
2015-01-25,SKU_A,S1,6
2015-01-25,SKU_A,S2,6
2015-01-25,SKU_B,S1,6
2015-01-25,SKU_B,S2,6
2015-01-25,SKU_C,S1,3
2015-01-25,SKU_C,S2,3
2015-01-26,SKU_A,S1,5
2015-01-26,SKU_A,S2,4
2015-01-26,SKU_B,S1,5
2015-01-26,SKU_B,S2,5
2015-01-26,SKU_C,S1,3
2015-01-26,SKU_C,S2,3
2015-01-27,SKU_A,S1,5
2015-01-27,SKU_A,S2,4
2015-01-27,SKU_B,S1,6
2015-01-27,SKU_B,S2,6
2015-01-27,SKU_C,S1,2
2015-01-27,SKU_C,S2,2
2015-01-28,SKU_A,S1,5
2015-01-28,SKU_A,S2,4
2015-01-28,SKU_B,S1,6
2015-01-28,SKU_B,S2,6
2015-01-28,SKU_C,S1,3
2015-01-28,SKU_C,S2,3
2015-01-29,SKU_A,S1,6
2015-01-29,SKU_A,S2,5
2015-01-29,SKU_B,S1,6
2015-01-29,SKU_B,S2,5
2015-01-29,SKU_C,S1,4
2015-01-29,SKU_C,S2,3
2015-01-30,SKU_A,S1,5
2015-01-30,SKU_A,S2,4
2015-01-30,SKU_B,S1,7
2015-01-30,SKU_B,S2,6
2015-01-30,SKU_C,S1,3
2015-01-30,SKU_C,S2,3
2015-01-31,SKU_A,S1,5
2015-01-31,SKU_A,S2,4
2015-01-31,SKU_B,S1,6
2015-01-31,SKU_B,S2,6
2015-01-31,SKU_C,S1,3
2015-01-31,SKU_C,S2,3
2015-02-01,SKU_A,S1,6
2015-02-01,SKU_A,S2,5
2015-02-01,SKU_B,S1,6
2015-02-01,SKU_B,S2,6
2015-02-01,SKU_C,S1,4
2015-02-01,SKU_C,S2,4
2015-02-02,SKU_A,S1,6
2015-02-02,SKU_A,S2,5
2015-02-02,SKU_B,S1,6
2015-02-02,SKU_B,S2,6
2015-02-02,SKU_C,S1,4
2015-02-02,SKU_C,S2,3
2015-02-03,SKU_A,S1,6
2015-02-03,SKU_A,S2,6
2015-02-03,SKU_B,S1,7
2015-02-03,SKU_B,S2,7
2015-02-03,SKU_C,S1,3
2015-02-03,SKU_C,S2,2
2015-02-04,SKU_A,S1,5
2015-02-04,SKU_A,S2,4
2015-02-04,SKU_B,S1,7
2015-02-04,SKU_B,S2,6
2015-02-04,SKU_C,S1,3
2015-02-04,SKU_C,S2,2
2015-02-05,SKU_A,S1,5
2015-02-05,SKU_A,S2,4
2015-02-05,SKU_B,S1,6
2015-02-05,SKU_B,S2,6
2015-02-05,SKU_C,S1,3
2015-02-05,SKU_C,S2,3
2015-02-06,SKU_A,S1,5
2015-02-06,SKU_A,S2,5
2015-02-06,SKU_B,S1,6
2015-02-06,SKU_B,S2,5
2015-02-06,SKU_C,S1,3
2015-02-06,SKU_C,S2,2
2015-02-07,SKU_A,S1,5
2015-02-07,SKU_A,S2,4
2015-02-07,SKU_B,S1,6
2015-02-07,SKU_B,S2,5
2015-02-07,SKU_C,S1,4
2015-02-07,SKU_C,S2,4
2015-02-08,SKU_A,S1,6
2015-02-08,SKU_A,S2,5
2015-02-08,SKU_B,S1,7
2015-02-08,SKU_B,S2,6
2015-02-08,SKU_C,S1,3
2015-02-08,SKU_C,S2,3
2015-02-09,SKU_A,S1,5
2015-02-09,SKU_A,S2,5
2015-02-09,SKU_B,S1,6
2015-02-09,SKU_B,S2,5
2015-02-09,SKU_C,S1,2
2015-02-09,SKU_C,S2,1
2015-02-10,SKU_A,S1,5
2015-02-10,SKU_A,S2,4
2015-02-10,SKU_B,S1,5
2015-02-10,SKU_B,S2,5
2015-02-10,SKU_C,S1,2
2015-02-10,SKU_C,S2,2
2015-02-11,SKU_A,S1,5
2015-02-11,SKU_A,S2,4
2015-02-11,SKU_B,S1,7
2015-02-11,SKU_B,S2,6
2015-02-11,SKU_C,S1,3
2015-02-11,SKU_C,S2,3
2015-02-12,SKU_A,S1,6
2015-02-12,SKU_A,S2,6
2015-02-12,SKU_B,S1,6
2015-02-12,SKU_B,S2,6
2015-02-12,SKU_C,S1,4
2015-02-12,SKU_C,S2,3
2015-02-13,SKU_A,S1,5
2015-02-13,SKU_A,S2,4
2015-02-13,SKU_B,S1,7
2015-02-13,SKU_B,S2,6
2015-02-13,SKU_C,S1,4
2015-02-13,SKU_C,S2,3
2015-02-14,SKU_A,S1,5
2015-02-14,SKU_A,S2,5
2015-02-14,SKU_B,S1,7
2015-02-14,SKU_B,S2,6
2015-02-14,SKU_C,S1,4
2015-02-14,SKU_C,S2,3
2015-02-15,SKU_A,S1,5
2015-02-15,SKU_A,S2,5
2015-02-15,SKU_B,S1,6
2015-02-15,SKU_B,S2,5
2015-02-15,SKU_C,S1,3
2015-02-15,SKU_C,S2,2
2015-02-16,SKU_A,S1,5
2015-02-16,SKU_A,S2,5
2015-02-16,SKU_B,S1,6
2015-02-16,SKU_B,S2,6
2015-02-16,SKU_C,S1,3
2015-02-16,SKU_C,S2,2
2015-02-17,SKU_A,S1,5
2015-02-17,SKU_A,S2,5
2015-02-17,SKU_B,S1,7
2015-02-17,SKU_B,S2,6
2015-02-17,SKU_C,S1,4
2015-02-17,SKU_C,S2,3
2015-02-18,SKU_A,S1,6
2015-02-18,SKU_A,S2,6
2015-02-18,SKU_B,S1,7
2015-02-18,SKU_B,S2,6
2015-02-18,SKU_C,S1,3
2015-02-18,SKU_C,S2,2
2015-02-19,SKU_A,S1,6
2015-02-19,SKU_A,S2,6
2015-02-19,SKU_B,S1,6
2015-02-19,SKU_B,S2,5
2015-02-19,SKU_C,S1,4
2015-02-19,SKU_C,S2,3
2015-02-20,SKU_A,S1,5
2015-02-20,SKU_A,S2,5
2015-02-20,SKU_B,S1,6
2015-02-20,SKU_B,S2,6
2015-02-20,SKU_C,S1,2
2015-02-20,SKU_C,S2,2
2015-02-21,SKU_A,S1,5
2015-02-21,SKU_A,S2,5
2015-02-21,SKU_B,S1,5
2015-02-21,SKU_B,S2,5
2015-02-21,SKU_C,S1,4
2015-02-21,SKU_C,S2,3
2015-02-22,SKU_A,S1,6
2015-02-22,SKU_A,S2,6
2015-02-22,SKU_B,S1,6
2015-02-22,SKU_B,S2,5
2015-02-22,SKU_C,S1,3
2015-02-22,SKU_C,S2,3
2015-02-23,SKU_A,S1,5
2015-02-23,SKU_A,S2,5
2015-02-23,SKU_B,S1,6
2015-02-23,SKU_B,S2,5
2015-02-23,SKU_C,S1,4
2015-02-23,SKU_C,S2,3
2015-02-24,SKU_A,S1,5
2015-02-24,SKU_A,S2,5
2015-02-24,SKU_B,S1,7
2015-02-24,SKU_B,S2,7
2015-02-24,SKU_C,S1,3
2015-02-24,SKU_C,S2,3
2015-02-25,SKU_A,S1,6
2015-02-25,SKU_A,S2,5
2015-02-25,SKU_B,S1,6
2015-02-25,SKU_B,S2,6
2015-02-25,SKU_C,S1,4
2015-02-25,SKU_C,S2,3
2015-02-26,SKU_A,S1,5
2015-02-26,SKU_A,S2,5
2015-02-26,SKU_B,S1,6
2015-02-26,SKU_B,S2,6
2015-02-26,SKU_C,S1,3
2015-02-26,SKU_C,S2,3
2015-02-27,SKU_A,S1,5
2015-02-27,SKU_A,S2,4
2015-02-27,SKU_B,S1,7
2015-02-27,SKU_B,S2,6
2015-02-27,SKU_C,S1,4
2015-02-27,SKU_C,S2,3
2015-02-28,SKU_A,S1,6
2015-02-28,SKU_A,S2,5
2015-02-28,SKU_B,S1,7
2015-02-28,SKU_B,S2,7
2015-02-28,SKU_C,S1,4
2015-02-28,SKU_C,S2,3
2015-03-01,SKU_A,S1,5
2015-03-01,SKU_A,S2,5
2015-03-01,SKU_B,S1,6
2015-03-01,SKU_B,S2,6
2015-03-01,SKU_C,S1,3
2015-03-01,SKU_C,S2,2
2015-03-02,SKU_A,S1,5
2015-03-02,SKU_A,S2,5
2015-03-02,SKU_B,S1,6
2015-03-02,SKU_B,S2,5
2015-03-02,SKU_C,S1,4
2015-03-02,SKU_C,S2,4
2015-03-03,SKU_A,S1,6
2015-03-03,SKU_A,S2,5
2015-03-03,SKU_B,S1,6
2015-03-03,SKU_B,S2,6
2015-03-03,SKU_C,S1,4
2015-03-03,SKU_C,S2,3
2015-03-04,SKU_A,S1,4
2015-03-04,SKU_A,S2,4
2015-03-04,SKU_B,S1,5
2015-03-04,SKU_B,S2,5
2015-03-04,SKU_C,S1,4
2015-03-04,SKU_C,S2,3
2015-03-05,SKU_A,S1,5
2015-03-05,SKU_A,S2,5
2015-03-05,SKU_B,S1,6
2015-03-05,SKU_B,S2,6
2015-03-05,SKU_C,S1,3
2015-03-05,SKU_C,S2,2
2015-03-06,SKU_A,S1,5
2015-03-06,SKU_A,S2,5
2015-03-06,SKU_B,S1,7
2015-03-06,SKU_B,S2,7
2015-03-06,SKU_C,S1,4
2015-03-06,SKU_C,S2,3
2015-03-07,SKU_A,S1,6
2015-03-07,SKU_A,S2,5
2015-03-07,SKU_B,S1,6
2015-03-07,SKU_B,S2,6
2015-03-07,SKU_C,S1,3
2015-03-07,SKU_C,S2,3
2015-03-08,SKU_A,S1,4
2015-03-08,SKU_A,S2,4
2015-03-08,SKU_B,S1,6
2015-03-08,SKU_B,S2,6
2015-03-08,SKU_C,S1,4
2015-03-08,SKU_C,S2,3
2015-03-09,SKU_A,S1,5
2015-03-09,SKU_A,S2,4
2015-03-09,SKU_B,S1,6
2015-03-09,SKU_B,S2,5
2015-03-09,SKU_C,S1,3
2015-03-09,SKU_C,S2,2
2015-03-10,SKU_A,S1,5
2015-03-10,SKU_A,S2,4
2015-03-10,SKU_B,S1,6
2015-03-10,SKU_B,S2,6
2015-03-10,SKU_C,S1,2
2015-03-10,SKU_C,S2,2
2015-03-11,SKU_A,S1,6
2015-03-11,SKU_A,S2,5
2015-03-11,SKU_B,S1,7
2015-03-11,SKU_B,S2,6
2015-03-11,SKU_C,S1,3
2015-03-11,SKU_C,S2,3
2015-03-12,SKU_A,S1,4
2015-03-12,SKU_A,S2,4
2015-03-12,SKU_B,S1,6
2015-03-12,SKU_B,S2,5
2015-03-12,SKU_C,S1,4
2015-03-12,SKU_C,S2,3
2015-03-13,SKU_A,S1,4
2015-03-13,SKU_A,S2,4
2015-03-13,SKU_B,S1,6
2015-03-13,SKU_B,S2,6
2015-03-13,SKU_C,S1,3
2015-03-13,SKU_C,S2,2
2015-03-14,SKU_A,S1,6
2015-03-14,SKU_A,S2,5
2015-03-14,SKU_B,S1,6
2015-03-14,SKU_B,S2,5
2015-03-14,SKU_C,S1,3
2015-03-14,SKU_C,S2,3
2015-03-15,SKU_A,S1,6
2015-03-15,SKU_A,S2,5
2015-03-15,SKU_B,S1,7
2015-03-15,SKU_B,S2,7
2015-03-15,SKU_C,S1,3
2015-03-15,SKU_C,S2,3
2015-03-16,SKU_A,S1,6
2015-03-16,SKU_A,S2,5
2015-03-16,SKU_B,S1,6
2015-03-16,SKU_B,S2,5
2015-03-16,SKU_C,S1,4
2015-03-16,SKU_C,S2,3
2015-03-17,SKU_A,S1,5
2015-03-17,SKU_A,S2,5
2015-03-17,SKU_B,S1,6
2015-03-17,SKU_B,S2,5
2015-03-17,SKU_C,S1,3
2015-03-17,SKU_C,S2,3
2015-03-18,SKU_A,S1,5
2015-03-18,SKU_A,S2,4
2015-03-18,SKU_B,S1,6
2015-03-18,SKU_B,S2,6
2015-03-18,SKU_C,S1,4
2015-03-18,SKU_C,S2,3
2015-03-19,SKU_A,S1,6
2015-03-19,SKU_A,S2,5
2015-03-19,SKU_B,S1,5
2015-03-19,SKU_B,S2,5
2015-03-19,SKU_C,S1,3
2015-03-19,SKU_C,S2,3
2015-03-20,SKU_A,S1,6
2015-03-20,SKU_A,S2,5
2015-03-20,SKU_B,S1,5
2015-03-20,SKU_B,S2,5
2015-03-20,SKU_C,S1,3
2015-03-20,SKU_C,S2,2
2015-03-21,SKU_A,S1,6
2015-03-21,SKU_A,S2,5
2015-03-21,SKU_B,S1,6
2015-03-21,SKU_B,S2,6
2015-03-21,SKU_C,S1,3
2015-03-21,SKU_C,S2,3
2015-03-22,SKU_A,S1,6
2015-03-22,SKU_A,S2,6
2015-03-22,SKU_B,S1,6
2015-03-22,SKU_B,S2,6
2015-03-22,SKU_C,S1,4
2015-03-22,SKU_C,S2,3
2015-03-23,SKU_A,S1,7
2015-03-23,SKU_A,S2,6
2015-03-23,SKU_B,S1,6
2015-03-23,SKU_B,S2,6
2015-03-23,SKU_C,S1,3
2015-03-23,SKU_C,S2,2
2015-03-24,SKU_A,S1,6
2015-03-24,SKU_A,S2,5
2015-03-24,SKU_B,S1,6
2015-03-24,SKU_B,S2,6
2015-03-24,SKU_C,S1,3
2015-03-24,SKU_C,S2,2
2015-03-25,SKU_A,S1,5
2015-03-25,SKU_A,S2,4
2015-03-25,SKU_B,S1,7
2015-03-25,SKU_B,S2,7
2015-03-25,SKU_C,S1,3
2015-03-25,SKU_C,S2,3
2015-03-26,SKU_A,S1,5
2015-03-26,SKU_A,S2,5
2015-03-26,SKU_B,S1,7
2015-03-26,SKU_B,S2,6
2015-03-26,SKU_C,S1,3
2015-03-26,SKU_C,S2,3
2015-03-27,SKU_A,S1,5
2015-03-27,SKU_A,S2,5
2015-03-27,SKU_B,S1,7
2015-03-27,SKU_B,S2,6
2015-03-27,SKU_C,S1,3
2015-03-27,SKU_C,S2,2
2015-03-28,SKU_A,S1,6
2015-03-28,SKU_A,S2,5
2015-03-28,SKU_B,S1,7
2015-03-28,SKU_B,S2,7
2015-03-28,SKU_C,S1,3
2015-03-28,SKU_C,S2,3
2015-03-29,SKU_A,S1,5
2015-03-29,SKU_A,S2,5
2015-03-29,SKU_B,S1,6
2015-03-29,SKU_B,S2,5
2015-03-29,SKU_C,S1,3
2015-03-29,SKU_C,S2,3
2015-03-30,SKU_A,S1,5
2015-03-30,SKU_A,S2,5
2015-03-30,SKU_B,S1,6
2015-03-30,SKU_B,S2,6
2015-03-30,SKU_C,S1,4
2015-03-30,SKU_C,S2,3
2015-03-31,SKU_A,S1,5
2015-03-31,SKU_A,S2,4
2015-03-31,SKU_B,S1,7
2015-03-31,SKU_B,S2,6
2015-03-31,SKU_C,S1,3
2015-03-31,SKU_C,S2,3
2015-04-01,SKU_A,S1,6
2015-04-01,SKU_A,S2,5
2015-04-01,SKU_B,S1,6
2015-04-01,SKU_B,S2,5
2015-04-01,SKU_C,S1,4
2015-04-01,SKU_C,S2,3
2015-04-02,SKU_A,S1,6
2015-04-02,SKU_A,S2,6
2015-04-02,SKU_B,S1,7
2015-04-02,SKU_B,S2,6
2015-04-02,SKU_C,S1,2
2015-04-02,SKU_C,S2,2
2015-04-03,SKU_A,S1,6
2015-04-03,SKU_A,S2,5
2015-04-03,SKU_B,S1,6
2015-04-03,SKU_B,S2,6
2015-04-03,SKU_C,S1,2
2015-04-03,SKU_C,S2,2
2015-04-04,SKU_A,S1,5
2015-04-04,SKU_A,S2,5
2015-04-04,SKU_B,S1,6
2015-04-04,SKU_B,S2,6
2015-04-04,SKU_C,S1,4
2015-04-04,SKU_C,S2,3
2015-04-05,SKU_A,S1,6
2015-04-05,SKU_A,S2,5
2015-04-05,SKU_B,S1,6
2015-04-05,SKU_B,S2,6
2015-04-05,SKU_C,S1,4
2015-04-05,SKU_C,S2,3
2015-04-06,SKU_A,S1,6
2015-04-06,SKU_A,S2,6
2015-04-06,SKU_B,S1,5
2015-04-06,SKU_B,S2,4
2015-04-06,SKU_C,S1,3
2015-04-06,SKU_C,S2,3
2015-04-07,SKU_A,S1,5
2015-04-07,SKU_A,S2,5
2015-04-07,SKU_B,S1,5
2015-04-07,SKU_B,S2,5
2015-04-07,SKU_C,S1,3
2015-04-07,SKU_C,S2,3
2015-04-08,SKU_A,S1,6
2015-04-08,SKU_A,S2,6
2015-04-08,SKU_B,S1,6
2015-04-08,SKU_B,S2,5
2015-04-08,SKU_C,S1,3
2015-04-08,SKU_C,S2,3
2015-04-09,SKU_A,S1,5
2015-04-09,SKU_A,S2,5
2015-04-09,SKU_B,S1,6
2015-04-09,SKU_B,S2,5
2015-04-09,SKU_C,S1,4
2015-04-09,SKU_C,S2,3
2015-04-10,SKU_A,S1,5
2015-04-10,SKU_A,S2,5
2015-04-10,SKU_B,S1,6
2015-04-10,SKU_B,S2,6
2015-04-10,SKU_C,S1,2
2015-04-10,SKU_C,S2,2
2015-04-11,SKU_A,S1,6
2015-04-11,SKU_A,S2,6
2015-04-11,SKU_B,S1,7
2015-04-11,SKU_B,S2,6
2015-04-11,SKU_C,S1,3
2015-04-11,SKU_C,S2,3
2015-04-12,SKU_A,S1,6
2015-04-12,SKU_A,S2,5
2015-04-12,SKU_B,S1,6
2015-04-12,SKU_B,S2,5
2015-04-12,SKU_C,S1,4
2015-04-12,SKU_C,S2,3
2015-04-13,SKU_A,S1,5
2015-04-13,SKU_A,S2,5
2015-04-13,SKU_B,S1,6
2015-04-13,SKU_B,S2,6
2015-04-13,SKU_C,S1,3
2015-04-13,SKU_C,S2,3
2015-04-14,SKU_A,S1,5
2015-04-14,SKU_A,S2,5
2015-04-14,SKU_B,S1,7
2015-04-14,SKU_B,S2,6
2015-04-14,SKU_C,S1,3
2015-04-14,SKU_C,S2,3
2015-04-15,SKU_A,S1,6
2015-04-15,SKU_A,S2,5
2015-04-15,SKU_B,S1,6
2015-04-15,SKU_B,S2,6
2015-04-15,SKU_C,S1,4
2015-04-15,SKU_C,S2,3
2015-04-16,SKU_A,S1,5
2015-04-16,SKU_A,S2,5
2015-04-16,SKU_B,S1,7
2015-04-16,SKU_B,S2,7
2015-04-16,SKU_C,S1,2
2015-04-16,SKU_C,S2,2
2015-04-17,SKU_A,S1,6
2015-04-17,SKU_A,S2,6
2015-04-17,SKU_B,S1,7
2015-04-17,SKU_B,S2,6
2015-04-17,SKU_C,S1,3
2015-04-17,SKU_C,S2,2
2015-04-18,SKU_A,S1,7
2015-04-18,SKU_A,S2,6
2015-04-18,SKU_B,S1,7
2015-04-18,SKU_B,S2,6
2015-04-18,SKU_C,S1,4
2015-04-18,SKU_C,S2,3
2015-04-19,SKU_A,S1,6
2015-04-19,SKU_A,S2,5
2015-04-19,SKU_B,S1,6
2015-04-19,SKU_B,S2,6
2015-04-19,SKU_C,S1,3
2015-04-19,SKU_C,S2,3
2015-04-20,SKU_A,S1,6
2015-04-20,SKU_A,S2,5
2015-04-20,SKU_B,S1,7
2015-04-20,SKU_B,S2,6
2015-04-20,SKU_C,S1,3
2015-04-20,SKU_C,S2,3
2015-04-21,SKU_A,S1,5
2015-04-21,SKU_A,S2,5
2015-04-21,SKU_B,S1,7
2015-04-21,SKU_B,S2,6
2015-04-21,SKU_C,S1,4
2015-04-21,SKU_C,S2,3
2015-04-22,SKU_A,S1,6
2015-04-22,SKU_A,S2,5
2015-04-22,SKU_B,S1,7
2015-04-22,SKU_B,S2,6
2015-04-22,SKU_C,S1,3
2015-04-22,SKU_C,S2,3
2015-04-23,SKU_A,S1,5
2015-04-23,SKU_A,S2,5
2015-04-23,SKU_B,S1,6
2015-04-23,SKU_B,S2,5
2015-04-23,SKU_C,S1,2
2015-04-23,SKU_C,S2,2
2015-04-24,SKU_A,S1,6
2015-04-24,SKU_A,S2,5
2015-04-24,SKU_B,S1,6
2015-04-24,SKU_B,S2,6
2015-04-24,SKU_C,S1,3
2015-04-24,SKU_C,S2,3
2015-04-25,SKU_A,S1,4
2015-04-25,SKU_A,S2,4
2015-04-25,SKU_B,S1,6
2015-04-25,SKU_B,S2,5
2015-04-25,SKU_C,S1,4
2015-04-25,SKU_C,S2,3
2015-04-26,SKU_A,S1,5
2015-04-26,SKU_A,S2,5
2015-04-26,SKU_B,S1,6
2015-04-26,SKU_B,S2,6
2015-04-26,SKU_C,S1,3
2015-04-26,SKU_C,S2,2
2015-04-27,SKU_A,S1,6
2015-04-27,SKU_A,S2,6
2015-04-27,SKU_B,S1,6
2015-04-27,SKU_B,S2,6
2015-04-27,SKU_C,S1,3
2015-04-27,SKU_C,S2,3
2015-04-28,SKU_A,S1,7
2015-04-28,SKU_A,S2,6
2015-04-28,SKU_B,S1,7
2015-04-28,SKU_B,S2,7
2015-04-28,SKU_C,S1,3
2015-04-28,SKU_C,S2,3
2015-04-29,SKU_A,S1,5
2015-04-29,SKU_A,S2,5
2015-04-29,SKU_B,S1,6
2015-04-29,SKU_B,S2,6
2015-04-29,SKU_C,S1,4
2015-04-29,SKU_C,S2,3
2015-04-30,SKU_A,S1,6
2015-04-30,SKU_A,S2,5
2015-04-30,SKU_B,S1,6
2015-04-30,SKU_B,S2,6
2015-04-30,SKU_C,S1,4
2015-04-30,SKU_C,S2,3
2015-05-01,SKU_A,S1,6
2015-05-01,SKU_A,S2,5
2015-05-01,SKU_B,S1,7
2015-05-01,SKU_B,S2,7
2015-05-01,SKU_C,S1,3
2015-05-01,SKU_C,S2,3
2015-05-02,SKU_A,S1,6
2015-05-02,SKU_A,S2,6
2015-05-02,SKU_B,S1,6
2015-05-02,SKU_B,S2,6
2015-05-02,SKU_C,S1,4
2015-05-02,SKU_C,S2,3
2015-05-03,SKU_A,S1,5
2015-05-03,SKU_A,S2,5
2015-05-03,SKU_B,S1,6
2015-05-03,SKU_B,S2,5
2015-05-03,SKU_C,S1,3
2015-05-03,SKU_C,S2,3
2015-05-04,SKU_A,S1,6
2015-05-04,SKU_A,S2,6
2015-05-04,SKU_B,S1,6
2015-05-04,SKU_B,S2,6
2015-05-04,SKU_C,S1,3
2015-05-04,SKU_C,S2,2
2015-05-05,SKU_A,S1,5
2015-05-05,SKU_A,S2,4
2015-05-05,SKU_B,S1,6
2015-05-05,SKU_B,S2,5
2015-05-05,SKU_C,S1,2
2015-05-05,SKU_C,S2,2
2015-05-06,SKU_A,S1,6
2015-05-06,SKU_A,S2,5
2015-05-06,SKU_B,S1,7
2015-05-06,SKU_B,S2,6
2015-05-06,SKU_C,S1,3
2015-05-06,SKU_C,S2,3
2015-05-07,SKU_A,S1,4
2015-05-07,SKU_A,S2,4
2015-05-07,SKU_B,S1,6
2015-05-07,SKU_B,S2,6
2015-05-07,SKU_C,S1,3
2015-05-07,SKU_C,S2,3
2015-05-08,SKU_A,S1,7
2015-05-08,SKU_A,S2,6
2015-05-08,SKU_B,S1,6
2015-05-08,SKU_B,S2,5
2015-05-08,SKU_C,S1,3
2015-05-08,SKU_C,S2,3
2015-05-09,SKU_A,S1,6
2015-05-09,SKU_A,S2,6
2015-05-09,SKU_B,S1,6
2015-05-09,SKU_B,S2,6
2015-05-09,SKU_C,S1,4
2015-05-09,SKU_C,S2,3
2015-05-10,SKU_A,S1,6
2015-05-10,SKU_A,S2,5
2015-05-10,SKU_B,S1,6
2015-05-10,SKU_B,S2,6
2015-05-10,SKU_C,S1,4
2015-05-10,SKU_C,S2,3
2015-05-11,SKU_A,S1,5
2015-05-11,SKU_A,S2,5
2015-05-11,SKU_B,S1,7
2015-05-11,SKU_B,S2,6
2015-05-11,SKU_C,S1,3
2015-05-11,SKU_C,S2,2
2015-05-12,SKU_A,S1,6
2015-05-12,SKU_A,S2,5
2015-05-12,SKU_B,S1,6
2015-05-12,SKU_B,S2,6
2015-05-12,SKU_C,S1,3
2015-05-12,SKU_C,S2,2
2015-05-13,SKU_A,S1,6
2015-05-13,SKU_A,S2,5
2015-05-13,SKU_B,S1,6
2015-05-13,SKU_B,S2,5
2015-05-13,SKU_C,S1,3
2015-05-13,SKU_C,S2,2
2015-05-14,SKU_A,S1,5
2015-05-14,SKU_A,S2,5
2015-05-14,SKU_B,S1,6
2015-05-14,SKU_B,S2,5
2015-05-14,SKU_C,S1,3
2015-05-14,SKU_C,S2,3
2015-05-15,SKU_A,S1,5
2015-05-15,SKU_A,S2,5
2015-05-15,SKU_B,S1,7
2015-05-15,SKU_B,S2,6
2015-05-15,SKU_C,S1,3
2015-05-15,SKU_C,S2,2
2015-05-16,SKU_A,S1,5
2015-05-16,SKU_A,S2,5
2015-05-16,SKU_B,S1,6
2015-05-16,SKU_B,S2,5
2015-05-16,SKU_C,S1,4
2015-05-16,SKU_C,S2,3
2015-05-17,SKU_A,S1,6
2015-05-17,SKU_A,S2,5
2015-05-17,SKU_B,S1,6
2015-05-17,SKU_B,S2,6
2015-05-17,SKU_C,S1,3
2015-05-17,SKU_C,S2,3
2015-05-18,SKU_A,S1,5
2015-05-18,SKU_A,S2,4
2015-05-18,SKU_B,S1,6
2015-05-18,SKU_B,S2,6
2015-05-18,SKU_C,S1,4
2015-05-18,SKU_C,S2,4
2015-05-19,SKU_A,S1,6
2015-05-19,SKU_A,S2,5
2015-05-19,SKU_B,S1,6
2015-05-19,SKU_B,S2,6
2015-05-19,SKU_C,S1,4
2015-05-19,SKU_C,S2,3
2015-05-20,SKU_A,S1,6
2015-05-20,SKU_A,S2,6
2015-05-20,SKU_B,S1,5
2015-05-20,SKU_B,S2,5
2015-05-20,SKU_C,S1,2
2015-05-20,SKU_C,S2,2
2015-05-21,SKU_A,S1,6
2015-05-21,SKU_A,S2,5
2015-05-21,SKU_B,S1,6
2015-05-21,SKU_B,S2,5
2015-05-21,SKU_C,S1,4
2015-05-21,SKU_C,S2,3
2015-05-22,SKU_A,S1,5
2015-05-22,SKU_A,S2,5
2015-05-22,SKU_B,S1,5
2015-05-22,SKU_B,S2,5
2015-05-22,SKU_C,S1,3
2015-05-22,SKU_C,S2,2
2015-05-23,SKU_A,S1,4
2015-05-23,SKU_A,S2,4
2015-05-23,SKU_B,S1,6
2015-05-23,SKU_B,S2,6
2015-05-23,SKU_C,S1,3
2015-05-23,SKU_C,S2,3
2015-05-24,SKU_A,S1,5
2015-05-24,SKU_A,S2,5
2015-05-24,SKU_B,S1,7
2015-05-24,SKU_B,S2,6
2015-05-24,SKU_C,S1,4
2015-05-24,SKU_C,S2,3
2015-05-25,SKU_A,S1,6
2015-05-25,SKU_A,S2,5
2015-05-25,SKU_B,S1,5
2015-05-25,SKU_B,S2,5
2015-05-25,SKU_C,S1,4
2015-05-25,SKU_C,S2,3
2015-05-26,SKU_A,S1,6
2015-05-26,SKU_A,S2,5
2015-05-26,SKU_B,S1,6
2015-05-26,SKU_B,S2,6
2015-05-26,SKU_C,S1,4
2015-05-26,SKU_C,S2,3
2015-05-27,SKU_A,S1,5
2015-05-27,SKU_A,S2,5
2015-05-27,SKU_B,S1,7
2015-05-27,SKU_B,S2,7
2015-05-27,SKU_C,S1,3
2015-05-27,SKU_C,S2,2
2015-05-28,SKU_A,S1,6
2015-05-28,SKU_A,S2,6
2015-05-28,SKU_B,S1,5
2015-05-28,SKU_B,S2,5
2015-05-28,SKU_C,S1,3
2015-05-28,SKU_C,S2,2
2015-05-29,SKU_A,S1,6
2015-05-29,SKU_A,S2,6
2015-05-29,SKU_B,S1,6
2015-05-29,SKU_B,S2,6
2015-05-29,SKU_C,S1,4
2015-05-29,SKU_C,S2,3
2015-05-30,SKU_A,S1,6
2015-05-30,SKU_A,S2,5
2015-05-30,SKU_B,S1,6
2015-05-30,SKU_B,S2,6
2015-05-30,SKU_C,S1,4
2015-05-30,SKU_C,S2,3
2015-05-31,SKU_A,S1,6
2015-05-31,SKU_A,S2,5
2015-05-31,SKU_B,S1,5
2015-05-31,SKU_B,S2,5
2015-05-31,SKU_C,S1,3
2015-05-31,SKU_C,S2,2
2015-06-01,SKU_A,S1,6
2015-06-01,SKU_A,S2,5
2015-06-01,SKU_B,S1,8
2015-06-01,SKU_B,S2,7
2015-06-01,SKU_C,S1,2
2015-06-01,SKU_C,S2,2
2015-06-02,SKU_A,S1,5
2015-06-02,SKU_A,S2,5
2015-06-02,SKU_B,S1,7
2015-06-02,SKU_B,S2,7
2015-06-02,SKU_C,S1,3
2015-06-02,SKU_C,S2,3
2015-06-03,SKU_A,S1,5
2015-06-03,SKU_A,S2,4
2015-06-03,SKU_B,S1,7
2015-06-03,SKU_B,S2,7
2015-06-03,SKU_C,S1,3
2015-06-03,SKU_C,S2,2
2015-06-04,SKU_A,S1,6
2015-06-04,SKU_A,S2,6
2015-06-04,SKU_B,S1,8
2015-06-04,SKU_B,S2,8
2015-06-04,SKU_C,S1,3
2015-06-04,SKU_C,S2,3
2015-06-05,SKU_A,S1,5
2015-06-05,SKU_A,S2,5
2015-06-05,SKU_B,S1,8
2015-06-05,SKU_B,S2,7
2015-06-05,SKU_C,S1,3
2015-06-05,SKU_C,S2,2
2015-06-06,SKU_A,S1,5
2015-06-06,SKU_A,S2,5
2015-06-06,SKU_B,S1,7
2015-06-06,SKU_B,S2,7
2015-06-06,SKU_C,S1,3
2015-06-06,SKU_C,S2,2
2015-06-07,SKU_A,S1,5
2015-06-07,SKU_A,S2,5
2015-06-07,SKU_B,S1,8
2015-06-07,SKU_B,S2,7
2015-06-07,SKU_C,S1,4
2015-06-07,SKU_C,S2,3
2015-06-08,SKU_A,S1,5
2015-06-08,SKU_A,S2,4
2015-06-08,SKU_B,S1,8
2015-06-08,SKU_B,S2,7
2015-06-08,SKU_C,S1,3
2015-06-08,SKU_C,S2,3
2015-06-09,SKU_A,S1,6
2015-06-09,SKU_A,S2,5
2015-06-09,SKU_B,S1,8
2015-06-09,SKU_B,S2,7
2015-06-09,SKU_C,S1,3
2015-06-09,SKU_C,S2,2
2015-06-10,SKU_A,S1,5
2015-06-10,SKU_A,S2,5
2015-06-10,SKU_B,S1,8
2015-06-10,SKU_B,S2,7
2015-06-10,SKU_C,S1,4
2015-06-10,SKU_C,S2,3
2015-06-11,SKU_A,S1,5
2015-06-11,SKU_A,S2,4
2015-06-11,SKU_B,S1,8
2015-06-11,SKU_B,S2,7
2015-06-11,SKU_C,S1,4
2015-06-11,SKU_C,S2,3
2015-06-12,SKU_A,S1,6
2015-06-12,SKU_A,S2,5
2015-06-12,SKU_B,S1,8
2015-06-12,SKU_B,S2,8
2015-06-12,SKU_C,S1,3
2015-06-12,SKU_C,S2,2
2015-06-13,SKU_A,S1,6
2015-06-13,SKU_A,S2,5
2015-06-13,SKU_B,S1,7
2015-06-13,SKU_B,S2,6
2015-06-13,SKU_C,S1,2
2015-06-13,SKU_C,S2,2
2015-06-14,SKU_A,S1,6
2015-06-14,SKU_A,S2,6
2015-06-14,SKU_B,S1,7
2015-06-14,SKU_B,S2,7
2015-06-14,SKU_C,S1,3
2015-06-14,SKU_C,S2,3
2015-06-15,SKU_A,S1,5
2015-06-15,SKU_A,S2,5
2015-06-15,SKU_B,S1,7
2015-06-15,SKU_B,S2,7
2015-06-15,SKU_C,S1,3
2015-06-15,SKU_C,S2,3
2015-06-16,SKU_A,S1,5
2015-06-16,SKU_A,S2,5
2015-06-16,SKU_B,S1,8
2015-06-16,SKU_B,S2,7
2015-06-16,SKU_C,S1,3
2015-06-16,SKU_C,S2,3
2015-06-17,SKU_A,S1,6
2015-06-17,SKU_A,S2,5
2015-06-17,SKU_B,S1,8
2015-06-17,SKU_B,S2,7
2015-06-17,SKU_C,S1,4
2015-06-17,SKU_C,S2,4
2015-06-18,SKU_A,S1,5
2015-06-18,SKU_A,S2,5
2015-06-18,SKU_B,S1,8
2015-06-18,SKU_B,S2,7
2015-06-18,SKU_C,S1,4
2015-06-18,SKU_C,S2,3
2015-06-19,SKU_A,S1,6
2015-06-19,SKU_A,S2,6
2015-06-19,SKU_B,S1,7
2015-06-19,SKU_B,S2,7
2015-06-19,SKU_C,S1,3
2015-06-19,SKU_C,S2,3
2015-06-20,SKU_A,S1,6
2015-06-20,SKU_A,S2,6
2015-06-20,SKU_B,S1,8
2015-06-20,SKU_B,S2,8
2015-06-20,SKU_C,S1,3
2015-06-20,SKU_C,S2,3
2015-06-21,SKU_A,S1,6
2015-06-21,SKU_A,S2,5
2015-06-21,SKU_B,S1,8
2015-06-21,SKU_B,S2,7
2015-06-21,SKU_C,S1,3
2015-06-21,SKU_C,S2,3
2015-06-22,SKU_A,S1,6
2015-06-22,SKU_A,S2,5
2015-06-22,SKU_B,S1,8
2015-06-22,SKU_B,S2,7
2015-06-22,SKU_C,S1,3
2015-06-22,SKU_C,S2,3
2015-06-23,SKU_A,S1,5
2015-06-23,SKU_A,S2,5
2015-06-23,SKU_B,S1,8
2015-06-23,SKU_B,S2,8
2015-06-23,SKU_C,S1,5
2015-06-23,SKU_C,S2,4
2015-06-24,SKU_A,S1,5
2015-06-24,SKU_A,S2,4
2015-06-24,SKU_B,S1,8
2015-06-24,SKU_B,S2,7
2015-06-24,SKU_C,S1,3
2015-06-24,SKU_C,S2,2
2015-06-25,SKU_A,S1,6
2015-06-25,SKU_A,S2,6
2015-06-25,SKU_B,S1,8
2015-06-25,SKU_B,S2,7
2015-06-25,SKU_C,S1,4
2015-06-25,SKU_C,S2,3
2015-06-26,SKU_A,S1,6
2015-06-26,SKU_A,S2,6
2015-06-26,SKU_B,S1,8
2015-06-26,SKU_B,S2,7
2015-06-26,SKU_C,S1,4
2015-06-26,SKU_C,S2,3
2015-06-27,SKU_A,S1,5
2015-06-27,SKU_A,S2,4
2015-06-27,SKU_B,S1,9
2015-06-27,SKU_B,S2,8
2015-06-27,SKU_C,S1,3
2015-06-27,SKU_C,S2,3
2015-06-28,SKU_A,S1,6
2015-06-28,SKU_A,S2,6
2015-06-28,SKU_B,S1,7
2015-06-28,SKU_B,S2,7
2015-06-28,SKU_C,S1,3
2015-06-28,SKU_C,S2,2
2015-06-29,SKU_A,S1,6
2015-06-29,SKU_A,S2,5
2015-06-29,SKU_B,S1,8
2015-06-29,SKU_B,S2,7
2015-06-29,SKU_C,S1,3
2015-06-29,SKU_C,S2,3
2015-06-30,SKU_A,S1,6
2015-06-30,SKU_A,S2,6
2015-06-30,SKU_B,S1,7
2015-06-30,SKU_B,S2,6
2015-06-30,SKU_C,S1,4
2015-06-30,SKU_C,S2,3
2015-07-01,SKU_A,S1,6
2015-07-01,SKU_A,S2,5
2015-07-01,SKU_B,S1,8
2015-07-01,SKU_B,S2,7
2015-07-01,SKU_C,S1,3
2015-07-01,SKU_C,S2,2
2015-07-02,SKU_A,S1,6
2015-07-02,SKU_A,S2,6
2015-07-02,SKU_B,S1,7
2015-07-02,SKU_B,S2,6
2015-07-02,SKU_C,S1,4
2015-07-02,SKU_C,S2,3
2015-07-03,SKU_A,S1,5
2015-07-03,SKU_A,S2,5
2015-07-03,SKU_B,S1,8
2015-07-03,SKU_B,S2,7
2015-07-03,SKU_C,S1,3
2015-07-03,SKU_C,S2,3
2015-07-04,SKU_A,S1,6
2015-07-04,SKU_A,S2,6
2015-07-04,SKU_B,S1,8
2015-07-04,SKU_B,S2,7
2015-07-04,SKU_C,S1,3
2015-07-04,SKU_C,S2,2
2015-07-05,SKU_A,S1,6
2015-07-05,SKU_A,S2,5
2015-07-05,SKU_B,S1,8
2015-07-05,SKU_B,S2,8
2015-07-05,SKU_C,S1,4
2015-07-05,SKU_C,S2,3
2015-07-06,SKU_A,S1,6
2015-07-06,SKU_A,S2,5
2015-07-06,SKU_B,S1,8
2015-07-06,SKU_B,S2,7
2015-07-06,SKU_C,S1,2
2015-07-06,SKU_C,S2,2
2015-07-07,SKU_A,S1,6
2015-07-07,SKU_A,S2,5
2015-07-07,SKU_B,S1,7
2015-07-07,SKU_B,S2,6
2015-07-07,SKU_C,S1,4
2015-07-07,SKU_C,S2,3
2015-07-08,SKU_A,S1,6
2015-07-08,SKU_A,S2,5
2015-07-08,SKU_B,S1,9
2015-07-08,SKU_B,S2,8
2015-07-08,SKU_C,S1,3
2015-07-08,SKU_C,S2,2
2015-07-09,SKU_A,S1,6
2015-07-09,SKU_A,S2,5
2015-07-09,SKU_B,S1,9
2015-07-09,SKU_B,S2,8
2015-07-09,SKU_C,S1,4
2015-07-09,SKU_C,S2,3
2015-07-10,SKU_A,S1,5
2015-07-10,SKU_A,S2,5
2015-07-10,SKU_B,S1,8
2015-07-10,SKU_B,S2,7
2015-07-10,SKU_C,S1,3
2015-07-10,SKU_C,S2,3
2015-07-11,SKU_A,S1,6
2015-07-11,SKU_A,S2,5
2015-07-11,SKU_B,S1,7
2015-07-11,SKU_B,S2,7
2015-07-11,SKU_C,S1,3
2015-07-11,SKU_C,S2,3
2015-07-12,SKU_A,S1,5
2015-07-12,SKU_A,S2,4
2015-07-12,SKU_B,S1,8
2015-07-12,SKU_B,S2,7
2015-07-12,SKU_C,S1,3
2015-07-12,SKU_C,S2,3
2015-07-13,SKU_A,S1,6
2015-07-13,SKU_A,S2,5
2015-07-13,SKU_B,S1,7
2015-07-13,SKU_B,S2,6
2015-07-13,SKU_C,S1,4
2015-07-13,SKU_C,S2,3
2015-07-14,SKU_A,S1,6
2015-07-14,SKU_A,S2,5
2015-07-14,SKU_B,S1,7
2015-07-14,SKU_B,S2,7
2015-07-14,SKU_C,S1,3
2015-07-14,SKU_C,S2,3
2015-07-15,SKU_A,S1,5
2015-07-15,SKU_A,S2,5
2015-07-15,SKU_B,S1,7
2015-07-15,SKU_B,S2,7
2015-07-15,SKU_C,S1,3
2015-07-15,SKU_C,S2,2
2015-07-16,SKU_A,S1,6
2015-07-16,SKU_A,S2,6
2015-07-16,SKU_B,S1,7
2015-07-16,SKU_B,S2,7
2015-07-16,SKU_C,S1,4
2015-07-16,SKU_C,S2,3
2015-07-17,SKU_A,S1,6
2015-07-17,SKU_A,S2,5
2015-07-17,SKU_B,S1,8
2015-07-17,SKU_B,S2,7
2015-07-17,SKU_C,S1,3
2015-07-17,SKU_C,S2,3
2015-07-18,SKU_A,S1,6
2015-07-18,SKU_A,S2,6
2015-07-18,SKU_B,S1,7
2015-07-18,SKU_B,S2,7
2015-07-18,SKU_C,S1,2
2015-07-18,SKU_C,S2,2
2015-07-19,SKU_A,S1,5
2015-07-19,SKU_A,S2,5
2015-07-19,SKU_B,S1,7
2015-07-19,SKU_B,S2,7
2015-07-19,SKU_C,S1,3
2015-07-19,SKU_C,S2,2
2015-07-20,SKU_A,S1,6
2015-07-20,SKU_A,S2,6
2015-07-20,SKU_B,S1,8
2015-07-20,SKU_B,S2,7
2015-07-20,SKU_C,S1,4
2015-07-20,SKU_C,S2,4
2015-07-21,SKU_A,S1,5
2015-07-21,SKU_A,S2,4
2015-07-21,SKU_B,S1,8
2015-07-21,SKU_B,S2,7
2015-07-21,SKU_C,S1,3
2015-07-21,SKU_C,S2,2
2015-07-22,SKU_A,S1,6
2015-07-22,SKU_A,S2,5
2015-07-22,SKU_B,S1,8
2015-07-22,SKU_B,S2,7
2015-07-22,SKU_C,S1,2
2015-07-22,SKU_C,S2,2
2015-07-23,SKU_A,S1,6
2015-07-23,SKU_A,S2,5
2015-07-23,SKU_B,S1,9
2015-07-23,SKU_B,S2,8
2015-07-23,SKU_C,S1,3
2015-07-23,SKU_C,S2,3
2015-07-24,SKU_A,S1,6
2015-07-24,SKU_A,S2,5
2015-07-24,SKU_B,S1,8
2015-07-24,SKU_B,S2,8
2015-07-24,SKU_C,S1,3
2015-07-24,SKU_C,S2,3
2015-07-25,SKU_A,S1,6
2015-07-25,SKU_A,S2,5
2015-07-25,SKU_B,S1,7
2015-07-25,SKU_B,S2,6
2015-07-25,SKU_C,S1,4
2015-07-25,SKU_C,S2,3
2015-07-26,SKU_A,S1,6
2015-07-26,SKU_A,S2,5
2015-07-26,SKU_B,S1,7
2015-07-26,SKU_B,S2,7
2015-07-26,SKU_C,S1,3
2015-07-26,SKU_C,S2,3
2015-07-27,SKU_A,S1,6
2015-07-27,SKU_A,S2,5
2015-07-27,SKU_B,S1,7
2015-07-27,SKU_B,S2,7
2015-07-27,SKU_C,S1,4
2015-07-27,SKU_C,S2,3
2015-07-28,SKU_A,S1,5
2015-07-28,SKU_A,S2,5
2015-07-28,SKU_B,S1,8
2015-07-28,SKU_B,S2,8
2015-07-28,SKU_C,S1,3
2015-07-28,SKU_C,S2,2
2015-07-29,SKU_A,S1,5
2015-07-29,SKU_A,S2,5
2015-07-29,SKU_B,S1,9
2015-07-29,SKU_B,S2,8
2015-07-29,SKU_C,S1,4
2015-07-29,SKU_C,S2,3
2015-07-30,SKU_A,S1,6
2015-07-30,SKU_A,S2,5
2015-07-30,SKU_B,S1,7
2015-07-30,SKU_B,S2,7
2015-07-30,SKU_C,S1,3
2015-07-30,SKU_C,S2,2
2015-07-31,SKU_A,S1,6
2015-07-31,SKU_A,S2,5
2015-07-31,SKU_B,S1,8
2015-07-31,SKU_B,S2,7
2015-07-31,SKU_C,S1,3
2015-07-31,SKU_C,S2,3
2015-08-01,SKU_A,S1,6
2015-08-01,SKU_A,S2,5
2015-08-01,SKU_B,S1,6
2015-08-01,SKU_B,S2,6
2015-08-01,SKU_C,S1,3
2015-08-01,SKU_C,S2,2
2015-08-02,SKU_A,S1,6
2015-08-02,SKU_A,S2,5
2015-08-02,SKU_B,S1,7
2015-08-02,SKU_B,S2,6
2015-08-02,SKU_C,S1,3
2015-08-02,SKU_C,S2,2
2015-08-03,SKU_A,S1,6
2015-08-03,SKU_A,S2,5
2015-08-03,SKU_B,S1,6
2015-08-03,SKU_B,S2,5
2015-08-03,SKU_C,S1,3
2015-08-03,SKU_C,S2,3
2015-08-04,SKU_A,S1,6
2015-08-04,SKU_A,S2,5
2015-08-04,SKU_B,S1,7
2015-08-04,SKU_B,S2,6
2015-08-04,SKU_C,S1,4
2015-08-04,SKU_C,S2,3
2015-08-05,SKU_A,S1,5
2015-08-05,SKU_A,S2,5
2015-08-05,SKU_B,S1,7
2015-08-05,SKU_B,S2,6
2015-08-05,SKU_C,S1,3
2015-08-05,SKU_C,S2,2
2015-08-06,SKU_A,S1,6
2015-08-06,SKU_A,S2,5
2015-08-06,SKU_B,S1,6
2015-08-06,SKU_B,S2,6
2015-08-06,SKU_C,S1,3
2015-08-06,SKU_C,S2,3
2015-08-07,SKU_A,S1,6
2015-08-07,SKU_A,S2,6
2015-08-07,SKU_B,S1,6
2015-08-07,SKU_B,S2,5
2015-08-07,SKU_C,S1,3
2015-08-07,SKU_C,S2,2
2015-08-08,SKU_A,S1,6
2015-08-08,SKU_A,S2,5
2015-08-08,SKU_B,S1,6
2015-08-08,SKU_B,S2,5
2015-08-08,SKU_C,S1,4
2015-08-08,SKU_C,S2,3
2015-08-09,SKU_A,S1,6
2015-08-09,SKU_A,S2,6
2015-08-09,SKU_B,S1,7
2015-08-09,SKU_B,S2,7
2015-08-09,SKU_C,S1,4
2015-08-09,SKU_C,S2,4
2015-08-10,SKU_A,S1,5
2015-08-10,SKU_A,S2,5
2015-08-10,SKU_B,S1,6
2015-08-10,SKU_B,S2,6
2015-08-10,SKU_C,S1,3
2015-08-10,SKU_C,S2,2
2015-08-11,SKU_A,S1,5
2015-08-11,SKU_A,S2,5
2015-08-11,SKU_B,S1,6
2015-08-11,SKU_B,S2,5
2015-08-11,SKU_C,S1,3
2015-08-11,SKU_C,S2,2
2015-08-12,SKU_A,S1,5
2015-08-12,SKU_A,S2,5
2015-08-12,SKU_B,S1,6
2015-08-12,SKU_B,S2,6
2015-08-12,SKU_C,S1,3
2015-08-12,SKU_C,S2,2
2015-08-13,SKU_A,S1,6
2015-08-13,SKU_A,S2,6
2015-08-13,SKU_B,S1,6
2015-08-13,SKU_B,S2,5
2015-08-13,SKU_C,S1,5
2015-08-13,SKU_C,S2,4
2015-08-14,SKU_A,S1,6
2015-08-14,SKU_A,S2,5
2015-08-14,SKU_B,S1,6
2015-08-14,SKU_B,S2,6
2015-08-14,SKU_C,S1,3
2015-08-14,SKU_C,S2,2
2015-08-15,SKU_A,S1,7
2015-08-15,SKU_A,S2,6
2015-08-15,SKU_B,S1,7
2015-08-15,SKU_B,S2,6
2015-08-15,SKU_C,S1,3
2015-08-15,SKU_C,S2,3
2015-08-16,SKU_A,S1,5
2015-08-16,SKU_A,S2,5
2015-08-16,SKU_B,S1,6
2015-08-16,SKU_B,S2,6
2015-08-16,SKU_C,S1,3
2015-08-16,SKU_C,S2,2
2015-08-17,SKU_A,S1,7
2015-08-17,SKU_A,S2,6
2015-08-17,SKU_B,S1,7
2015-08-17,SKU_B,S2,6
2015-08-17,SKU_C,S1,3
2015-08-17,SKU_C,S2,3
2015-08-18,SKU_A,S1,5
2015-08-18,SKU_A,S2,4
2015-08-18,SKU_B,S1,6
2015-08-18,SKU_B,S2,5
2015-08-18,SKU_C,S1,4
2015-08-18,SKU_C,S2,3
2015-08-19,SKU_A,S1,6
2015-08-19,SKU_A,S2,6
2015-08-19,SKU_B,S1,7
2015-08-19,SKU_B,S2,6
2015-08-19,SKU_C,S1,2
2015-08-19,SKU_C,S2,2
2015-08-20,SKU_A,S1,6
2015-08-20,SKU_A,S2,6
2015-08-20,SKU_B,S1,7
2015-08-20,SKU_B,S2,6
2015-08-20,SKU_C,S1,2
2015-08-20,SKU_C,S2,2
2015-08-21,SKU_A,S1,6
2015-08-21,SKU_A,S2,5
2015-08-21,SKU_B,S1,6
2015-08-21,SKU_B,S2,6
2015-08-21,SKU_C,S1,3
2015-08-21,SKU_C,S2,3
2015-08-22,SKU_A,S1,5
2015-08-22,SKU_A,S2,4
2015-08-22,SKU_B,S1,6
2015-08-22,SKU_B,S2,6
2015-08-22,SKU_C,S1,3
2015-08-22,SKU_C,S2,3
2015-08-23,SKU_A,S1,6
2015-08-23,SKU_A,S2,5
2015-08-23,SKU_B,S1,6
2015-08-23,SKU_B,S2,5
2015-08-23,SKU_C,S1,3
2015-08-23,SKU_C,S2,3
2015-08-24,SKU_A,S1,6
2015-08-24,SKU_A,S2,5
2015-08-24,SKU_B,S1,6
2015-08-24,SKU_B,S2,6
2015-08-24,SKU_C,S1,3
2015-08-24,SKU_C,S2,3
2015-08-25,SKU_A,S1,6
2015-08-25,SKU_A,S2,5
2015-08-25,SKU_B,S1,6
2015-08-25,SKU_B,S2,6
2015-08-25,SKU_C,S1,2
2015-08-25,SKU_C,S2,2
2015-08-26,SKU_A,S1,6
2015-08-26,SKU_A,S2,6
2015-08-26,SKU_B,S1,6
2015-08-26,SKU_B,S2,6
2015-08-26,SKU_C,S1,3
2015-08-26,SKU_C,S2,3
2015-08-27,SKU_A,S1,6
2015-08-27,SKU_A,S2,6
2015-08-27,SKU_B,S1,5
2015-08-27,SKU_B,S2,5
2015-08-27,SKU_C,S1,2
2015-08-27,SKU_C,S2,2
2015-08-28,SKU_A,S1,6
2015-08-28,SKU_A,S2,6
2015-08-28,SKU_B,S1,6
2015-08-28,SKU_B,S2,6
2015-08-28,SKU_C,S1,3
2015-08-28,SKU_C,S2,3
2015-08-29,SKU_A,S1,6
2015-08-29,SKU_A,S2,5
2015-08-29,SKU_B,S1,7
2015-08-29,SKU_B,S2,6
2015-08-29,SKU_C,S1,4
2015-08-29,SKU_C,S2,3
2015-08-30,SKU_A,S1,6
2015-08-30,SKU_A,S2,6
2015-08-30,SKU_B,S1,6
2015-08-30,SKU_B,S2,6
2015-08-30,SKU_C,S1,2
2015-08-30,SKU_C,S2,2
2015-08-31,SKU_A,S1,6
2015-08-31,SKU_A,S2,6
2015-08-31,SKU_B,S1,7
2015-08-31,SKU_B,S2,6
2015-08-31,SKU_C,S1,4
2015-08-31,SKU_C,S2,3
2015-09-01,SKU_A,S1,5
2015-09-01,SKU_A,S2,5
2015-09-01,SKU_B,S1,7
2015-09-01,SKU_B,S2,6
2015-09-01,SKU_C,S1,4
2015-09-01,SKU_C,S2,3
2015-09-02,SKU_A,S1,7
2015-09-02,SKU_A,S2,6
2015-09-02,SKU_B,S1,6
2015-09-02,SKU_B,S2,5
2015-09-02,SKU_C,S1,3
2015-09-02,SKU_C,S2,3
2015-09-03,SKU_A,S1,6
2015-09-03,SKU_A,S2,6
2015-09-03,SKU_B,S1,6
2015-09-03,SKU_B,S2,6
2015-09-03,SKU_C,S1,3
2015-09-03,SKU_C,S2,2
2015-09-04,SKU_A,S1,6
2015-09-04,SKU_A,S2,6
2015-09-04,SKU_B,S1,7
2015-09-04,SKU_B,S2,6
2015-09-04,SKU_C,S1,3
2015-09-04,SKU_C,S2,3
2015-09-05,SKU_A,S1,6
2015-09-05,SKU_A,S2,6
2015-09-05,SKU_B,S1,6
2015-09-05,SKU_B,S2,6
2015-09-05,SKU_C,S1,4
2015-09-05,SKU_C,S2,3
2015-09-06,SKU_A,S1,5
2015-09-06,SKU_A,S2,5
2015-09-06,SKU_B,S1,6
2015-09-06,SKU_B,S2,5
2015-09-06,SKU_C,S1,3
2015-09-06,SKU_C,S2,3
2015-09-07,SKU_A,S1,6
2015-09-07,SKU_A,S2,6
2015-09-07,SKU_B,S1,6
2015-09-07,SKU_B,S2,5
2015-09-07,SKU_C,S1,3
2015-09-07,SKU_C,S2,2
2015-09-08,SKU_A,S1,5
2015-09-08,SKU_A,S2,4
2015-09-08,SKU_B,S1,6
2015-09-08,SKU_B,S2,6
2015-09-08,SKU_C,S1,3
2015-09-08,SKU_C,S2,2
2015-09-09,SKU_A,S1,6
2015-09-09,SKU_A,S2,5
2015-09-09,SKU_B,S1,7
2015-09-09,SKU_B,S2,6
2015-09-09,SKU_C,S1,3
2015-09-09,SKU_C,S2,2
2015-09-10,SKU_A,S1,6
2015-09-10,SKU_A,S2,6
2015-09-10,SKU_B,S1,6
2015-09-10,SKU_B,S2,6
2015-09-10,SKU_C,S1,4
2015-09-10,SKU_C,S2,3
2015-09-11,SKU_A,S1,6
2015-09-11,SKU_A,S2,6
2015-09-11,SKU_B,S1,6
2015-09-11,SKU_B,S2,5
2015-09-11,SKU_C,S1,3
2015-09-11,SKU_C,S2,3
2015-09-12,SKU_A,S1,6
2015-09-12,SKU_A,S2,6
2015-09-12,SKU_B,S1,6
2015-09-12,SKU_B,S2,6
2015-09-12,SKU_C,S1,3
2015-09-12,SKU_C,S2,2
2015-09-13,SKU_A,S1,6
2015-09-13,SKU_A,S2,6
2015-09-13,SKU_B,S1,6
2015-09-13,SKU_B,S2,5
2015-09-13,SKU_C,S1,4
2015-09-13,SKU_C,S2,3
2015-09-14,SKU_A,S1,6
2015-09-14,SKU_A,S2,6
2015-09-14,SKU_B,S1,6
2015-09-14,SKU_B,S2,6
2015-09-14,SKU_C,S1,3
2015-09-14,SKU_C,S2,3
2015-09-15,SKU_A,S1,6
2015-09-15,SKU_A,S2,5
2015-09-15,SKU_B,S1,7
2015-09-15,SKU_B,S2,6
2015-09-15,SKU_C,S1,3
2015-09-15,SKU_C,S2,3
2015-09-16,SKU_A,S1,6
2015-09-16,SKU_A,S2,6
2015-09-16,SKU_B,S1,7
2015-09-16,SKU_B,S2,6
2015-09-16,SKU_C,S1,3
2015-09-16,SKU_C,S2,2
2015-09-17,SKU_A,S1,6
2015-09-17,SKU_A,S2,5
2015-09-17,SKU_B,S1,6
2015-09-17,SKU_B,S2,5
2015-09-17,SKU_C,S1,3
2015-09-17,SKU_C,S2,2
2015-09-18,SKU_A,S1,5
2015-09-18,SKU_A,S2,5
2015-09-18,SKU_B,S1,7
2015-09-18,SKU_B,S2,6
2015-09-18,SKU_C,S1,4
2015-09-18,SKU_C,S2,4
2015-09-19,SKU_A,S1,7
2015-09-19,SKU_A,S2,6
2015-09-19,SKU_B,S1,5
2015-09-19,SKU_B,S2,5
2015-09-19,SKU_C,S1,4
2015-09-19,SKU_C,S2,3
2015-09-20,SKU_A,S1,7
2015-09-20,SKU_A,S2,6
2015-09-20,SKU_B,S1,6
2015-09-20,SKU_B,S2,6
2015-09-20,SKU_C,S1,3
2015-09-20,SKU_C,S2,3
2015-09-21,SKU_A,S1,5
2015-09-21,SKU_A,S2,4
2015-09-21,SKU_B,S1,6
2015-09-21,SKU_B,S2,6
2015-09-21,SKU_C,S1,3
2015-09-21,SKU_C,S2,2
2015-09-22,SKU_A,S1,6
2015-09-22,SKU_A,S2,6
2015-09-22,SKU_B,S1,5
2015-09-22,SKU_B,S2,5
2015-09-22,SKU_C,S1,4
2015-09-22,SKU_C,S2,3
2015-09-23,SKU_A,S1,6
2015-09-23,SKU_A,S2,6
2015-09-23,SKU_B,S1,6
2015-09-23,SKU_B,S2,5
2015-09-23,SKU_C,S1,3
2015-09-23,SKU_C,S2,2
2015-09-24,SKU_A,S1,5
2015-09-24,SKU_A,S2,4
2015-09-24,SKU_B,S1,6
2015-09-24,SKU_B,S2,6
2015-09-24,SKU_C,S1,3
2015-09-24,SKU_C,S2,2
2015-09-25,SKU_A,S1,5
2015-09-25,SKU_A,S2,5
2015-09-25,SKU_B,S1,6
2015-09-25,SKU_B,S2,6
2015-09-25,SKU_C,S1,3
2015-09-25,SKU_C,S2,3
2015-09-26,SKU_A,S1,5
2015-09-26,SKU_A,S2,5
2015-09-26,SKU_B,S1,6
2015-09-26,SKU_B,S2,5
2015-09-26,SKU_C,S1,4
2015-09-26,SKU_C,S2,3
2015-09-27,SKU_A,S1,6
2015-09-27,SKU_A,S2,6
2015-09-27,SKU_B,S1,6
2015-09-27,SKU_B,S2,6
2015-09-27,SKU_C,S1,4
2015-09-27,SKU_C,S2,3
2015-09-28,SKU_A,S1,5
2015-09-28,SKU_A,S2,5
2015-09-28,SKU_B,S1,6
2015-09-28,SKU_B,S2,6
2015-09-28,SKU_C,S1,3
2015-09-28,SKU_C,S2,3
2015-09-29,SKU_A,S1,6
2015-09-29,SKU_A,S2,5
2015-09-29,SKU_B,S1,6
2015-09-29,SKU_B,S2,6
2015-09-29,SKU_C,S1,3
2015-09-29,SKU_C,S2,2
2015-09-30,SKU_A,S1,6
2015-09-30,SKU_A,S2,6
2015-09-30,SKU_B,S1,7
2015-09-30,SKU_B,S2,6
2015-09-30,SKU_C,S1,2
2015-09-30,SKU_C,S2,1
2015-10-01,SKU_A,S1,7
2015-10-01,SKU_A,S2,6
2015-10-01,SKU_B,S1,5
2015-10-01,SKU_B,S2,4
2015-10-01,SKU_C,S1,3
2015-10-01,SKU_C,S2,2
2015-10-02,SKU_A,S1,7
2015-10-02,SKU_A,S2,6
2015-10-02,SKU_B,S1,6
2015-10-02,SKU_B,S2,6
2015-10-02,SKU_C,S1,3
2015-10-02,SKU_C,S2,2
2015-10-03,SKU_A,S1,5
2015-10-03,SKU_A,S2,5
2015-10-03,SKU_B,S1,7
2015-10-03,SKU_B,S2,6
2015-10-03,SKU_C,S1,2
2015-10-03,SKU_C,S2,2
2015-10-04,SKU_A,S1,7
2015-10-04,SKU_A,S2,6
2015-10-04,SKU_B,S1,6
2015-10-04,SKU_B,S2,6
2015-10-04,SKU_C,S1,3
2015-10-04,SKU_C,S2,2
2015-10-05,SKU_A,S1,6
2015-10-05,SKU_A,S2,5
2015-10-05,SKU_B,S1,6
2015-10-05,SKU_B,S2,5
2015-10-05,SKU_C,S1,4
2015-10-05,SKU_C,S2,3
2015-10-06,SKU_A,S1,6
2015-10-06,SKU_A,S2,6
2015-10-06,SKU_B,S1,5
2015-10-06,SKU_B,S2,5
2015-10-06,SKU_C,S1,3
2015-10-06,SKU_C,S2,3
2015-10-07,SKU_A,S1,6
2015-10-07,SKU_A,S2,5
2015-10-07,SKU_B,S1,7
2015-10-07,SKU_B,S2,6
2015-10-07,SKU_C,S1,3
2015-10-07,SKU_C,S2,2
2015-10-08,SKU_A,S1,7
2015-10-08,SKU_A,S2,6
2015-10-08,SKU_B,S1,6
2015-10-08,SKU_B,S2,6
2015-10-08,SKU_C,S1,3
2015-10-08,SKU_C,S2,2
2015-10-09,SKU_A,S1,6
2015-10-09,SKU_A,S2,5
2015-10-09,SKU_B,S1,6
2015-10-09,SKU_B,S2,5
2015-10-09,SKU_C,S1,3
2015-10-09,SKU_C,S2,2
2015-10-10,SKU_A,S1,6
2015-10-10,SKU_A,S2,6
2015-10-10,SKU_B,S1,6
2015-10-10,SKU_B,S2,5
2015-10-10,SKU_C,S1,2
2015-10-10,SKU_C,S2,2
2015-10-11,SKU_A,S1,6
2015-10-11,SKU_A,S2,5
2015-10-11,SKU_B,S1,5
2015-10-11,SKU_B,S2,5
2015-10-11,SKU_C,S1,3
2015-10-11,SKU_C,S2,2
2015-10-12,SKU_A,S1,6
2015-10-12,SKU_A,S2,5
2015-10-12,SKU_B,S1,6
2015-10-12,SKU_B,S2,5
2015-10-12,SKU_C,S1,4
2015-10-12,SKU_C,S2,4
2015-10-13,SKU_A,S1,6
2015-10-13,SKU_A,S2,6
2015-10-13,SKU_B,S1,6
2015-10-13,SKU_B,S2,6
2015-10-13,SKU_C,S1,2
2015-10-13,SKU_C,S2,2
2015-10-14,SKU_A,S1,6
2015-10-14,SKU_A,S2,5
2015-10-14,SKU_B,S1,6
2015-10-14,SKU_B,S2,6
2015-10-14,SKU_C,S1,3
2015-10-14,SKU_C,S2,2
2015-10-15,SKU_A,S1,6
2015-10-15,SKU_A,S2,6
2015-10-15,SKU_B,S1,6
2015-10-15,SKU_B,S2,5
2015-10-15,SKU_C,S1,3
2015-10-15,SKU_C,S2,3
2015-10-16,SKU_A,S1,6
2015-10-16,SKU_A,S2,5
2015-10-16,SKU_B,S1,6
2015-10-16,SKU_B,S2,6
2015-10-16,SKU_C,S1,3
2015-10-16,SKU_C,S2,2
2015-10-17,SKU_A,S1,6
2015-10-17,SKU_A,S2,5
2015-10-17,SKU_B,S1,6
2015-10-17,SKU_B,S2,6
2015-10-17,SKU_C,S1,3
2015-10-17,SKU_C,S2,2
2015-10-18,SKU_A,S1,6
2015-10-18,SKU_A,S2,6
2015-10-18,SKU_B,S1,6
2015-10-18,SKU_B,S2,6
2015-10-18,SKU_C,S1,3
2015-10-18,SKU_C,S2,3
2015-10-19,SKU_A,S1,6
2015-10-19,SKU_A,S2,5
2015-10-19,SKU_B,S1,7
2015-10-19,SKU_B,S2,6
2015-10-19,SKU_C,S1,3
2015-10-19,SKU_C,S2,3
2015-10-20,SKU_A,S1,6
2015-10-20,SKU_A,S2,5
2015-10-20,SKU_B,S1,6
2015-10-20,SKU_B,S2,6
2015-10-20,SKU_C,S1,4
2015-10-20,SKU_C,S2,4
2015-10-21,SKU_A,S1,5
2015-10-21,SKU_A,S2,5
2015-10-21,SKU_B,S1,7
2015-10-21,SKU_B,S2,6
2015-10-21,SKU_C,S1,2
2015-10-21,SKU_C,S2,2
2015-10-22,SKU_A,S1,6
2015-10-22,SKU_A,S2,6
2015-10-22,SKU_B,S1,7
2015-10-22,SKU_B,S2,7
2015-10-22,SKU_C,S1,3
2015-10-22,SKU_C,S2,3
2015-10-23,SKU_A,S1,6
2015-10-23,SKU_A,S2,6
2015-10-23,SKU_B,S1,6
2015-10-23,SKU_B,S2,5
2015-10-23,SKU_C,S1,3
2015-10-23,SKU_C,S2,3
2015-10-24,SKU_A,S1,6
2015-10-24,SKU_A,S2,5
2015-10-24,SKU_B,S1,6
2015-10-24,SKU_B,S2,5
2015-10-24,SKU_C,S1,3
2015-10-24,SKU_C,S2,3
2015-10-25,SKU_A,S1,6
2015-10-25,SKU_A,S2,6
2015-10-25,SKU_B,S1,6
2015-10-25,SKU_B,S2,5
2015-10-25,SKU_C,S1,3
2015-10-25,SKU_C,S2,2
2015-10-26,SKU_A,S1,5
2015-10-26,SKU_A,S2,5
2015-10-26,SKU_B,S1,6
2015-10-26,SKU_B,S2,6
2015-10-26,SKU_C,S1,4
2015-10-26,SKU_C,S2,3
2015-10-27,SKU_A,S1,6
2015-10-27,SKU_A,S2,6
2015-10-27,SKU_B,S1,7
2015-10-27,SKU_B,S2,6
2015-10-27,SKU_C,S1,3
2015-10-27,SKU_C,S2,3
2015-10-28,SKU_A,S1,6
2015-10-28,SKU_A,S2,6
2015-10-28,SKU_B,S1,6
2015-10-28,SKU_B,S2,6
2015-10-28,SKU_C,S1,3
2015-10-28,SKU_C,S2,3
2015-10-29,SKU_A,S1,6
2015-10-29,SKU_A,S2,5
2015-10-29,SKU_B,S1,7
2015-10-29,SKU_B,S2,7
2015-10-29,SKU_C,S1,3
2015-10-29,SKU_C,S2,3
2015-10-30,SKU_A,S1,6
2015-10-30,SKU_A,S2,5
2015-10-30,SKU_B,S1,6
2015-10-30,SKU_B,S2,6
2015-10-30,SKU_C,S1,3
2015-10-30,SKU_C,S2,3
2015-10-31,SKU_A,S1,5
2015-10-31,SKU_A,S2,5
2015-10-31,SKU_B,S1,7
2015-10-31,SKU_B,S2,6
2015-10-31,SKU_C,S1,3
2015-10-31,SKU_C,S2,3
2015-11-01,SKU_A,S1,6
2015-11-01,SKU_A,S2,5
2015-11-01,SKU_B,S1,7
2015-11-01,SKU_B,S2,6
2015-11-01,SKU_C,S1,4
2015-11-01,SKU_C,S2,3
2015-11-02,SKU_A,S1,5
2015-11-02,SKU_A,S2,5
2015-11-02,SKU_B,S1,7
2015-11-02,SKU_B,S2,7
2015-11-02,SKU_C,S1,4
2015-11-02,SKU_C,S2,3
2015-11-03,SKU_A,S1,6
2015-11-03,SKU_A,S2,6
2015-11-03,SKU_B,S1,7
2015-11-03,SKU_B,S2,7
2015-11-03,SKU_C,S1,3
2015-11-03,SKU_C,S2,3
2015-11-04,SKU_A,S1,6
2015-11-04,SKU_A,S2,6
2015-11-04,SKU_B,S1,6
2015-11-04,SKU_B,S2,5
2015-11-04,SKU_C,S1,4
2015-11-04,SKU_C,S2,3
2015-11-05,SKU_A,S1,6
2015-11-05,SKU_A,S2,6
2015-11-05,SKU_B,S1,6
2015-11-05,SKU_B,S2,6
2015-11-05,SKU_C,S1,3
2015-11-05,SKU_C,S2,2
2015-11-06,SKU_A,S1,6
2015-11-06,SKU_A,S2,6
2015-11-06,SKU_B,S1,6
2015-11-06,SKU_B,S2,6
2015-11-06,SKU_C,S1,3
2015-11-06,SKU_C,S2,2
2015-11-07,SKU_A,S1,5
2015-11-07,SKU_A,S2,5
2015-11-07,SKU_B,S1,7
2015-11-07,SKU_B,S2,6
2015-11-07,SKU_C,S1,2
2015-11-07,SKU_C,S2,1
2015-11-08,SKU_A,S1,6
2015-11-08,SKU_A,S2,6
2015-11-08,SKU_B,S1,6
2015-11-08,SKU_B,S2,6
2015-11-08,SKU_C,S1,4
2015-11-08,SKU_C,S2,3
2015-11-09,SKU_A,S1,6
2015-11-09,SKU_A,S2,5
2015-11-09,SKU_B,S1,7
2015-11-09,SKU_B,S2,6
2015-11-09,SKU_C,S1,3
2015-11-09,SKU_C,S2,3
2015-11-10,SKU_A,S1,6
2015-11-10,SKU_A,S2,6
2015-11-10,SKU_B,S1,7
2015-11-10,SKU_B,S2,6
2015-11-10,SKU_C,S1,3
2015-11-10,SKU_C,S2,3
2015-11-11,SKU_A,S1,7
2015-11-11,SKU_A,S2,6
2015-11-11,SKU_B,S1,6
2015-11-11,SKU_B,S2,5
2015-11-11,SKU_C,S1,3
2015-11-11,SKU_C,S2,3
2015-11-12,SKU_A,S1,7
2015-11-12,SKU_A,S2,6
2015-11-12,SKU_B,S1,7
2015-11-12,SKU_B,S2,6
2015-11-12,SKU_C,S1,4
2015-11-12,SKU_C,S2,4
2015-11-13,SKU_A,S1,6
2015-11-13,SKU_A,S2,5
2015-11-13,SKU_B,S1,6
2015-11-13,SKU_B,S2,5
2015-11-13,SKU_C,S1,3
2015-11-13,SKU_C,S2,2
2015-11-14,SKU_A,S1,6
2015-11-14,SKU_A,S2,6
2015-11-14,SKU_B,S1,6
2015-11-14,SKU_B,S2,6
2015-11-14,SKU_C,S1,3
2015-11-14,SKU_C,S2,3
2015-11-15,SKU_A,S1,6
2015-11-15,SKU_A,S2,5
2015-11-15,SKU_B,S1,7
2015-11-15,SKU_B,S2,6
2015-11-15,SKU_C,S1,3
2015-11-15,SKU_C,S2,2
2015-11-16,SKU_A,S1,7
2015-11-16,SKU_A,S2,6
2015-11-16,SKU_B,S1,8
2015-11-16,SKU_B,S2,7
2015-11-16,SKU_C,S1,3
2015-11-16,SKU_C,S2,3
2015-11-17,SKU_A,S1,6
2015-11-17,SKU_A,S2,6
2015-11-17,SKU_B,S1,6
2015-11-17,SKU_B,S2,6
2015-11-17,SKU_C,S1,2
2015-11-17,SKU_C,S2,2
2015-11-18,SKU_A,S1,6
2015-11-18,SKU_A,S2,5
2015-11-18,SKU_B,S1,6
2015-11-18,SKU_B,S2,5
2015-11-18,SKU_C,S1,3
2015-11-18,SKU_C,S2,2
2015-11-19,SKU_A,S1,7
2015-11-19,SKU_A,S2,6
2015-11-19,SKU_B,S1,6
2015-11-19,SKU_B,S2,6
2015-11-19,SKU_C,S1,3
2015-11-19,SKU_C,S2,3
2015-11-20,SKU_A,S1,6
2015-11-20,SKU_A,S2,5
2015-11-20,SKU_B,S1,6
2015-11-20,SKU_B,S2,6
2015-11-20,SKU_C,S1,4
2015-11-20,SKU_C,S2,3
2015-11-21,SKU_A,S1,6
2015-11-21,SKU_A,S2,6
2015-11-21,SKU_B,S1,7
2015-11-21,SKU_B,S2,6
2015-11-21,SKU_C,S1,3
2015-11-21,SKU_C,S2,3
2015-11-22,SKU_A,S1,6
2015-11-22,SKU_A,S2,5
2015-11-22,SKU_B,S1,6
2015-11-22,SKU_B,S2,5
2015-11-22,SKU_C,S1,2
2015-11-22,SKU_C,S2,2
2015-11-23,SKU_A,S1,6
2015-11-23,SKU_A,S2,6
2015-11-23,SKU_B,S1,6
2015-11-23,SKU_B,S2,6
2015-11-23,SKU_C,S1,3
2015-11-23,SKU_C,S2,2
2015-11-24,SKU_A,S1,6
2015-11-24,SKU_A,S2,6
2015-11-24,SKU_B,S1,6
2015-11-24,SKU_B,S2,6
2015-11-24,SKU_C,S1,2
2015-11-24,SKU_C,S2,2
2015-11-25,SKU_A,S1,6
2015-11-25,SKU_A,S2,5
2015-11-25,SKU_B,S1,6
2015-11-25,SKU_B,S2,6
2015-11-25,SKU_C,S1,3
2015-11-25,SKU_C,S2,3
2015-11-26,SKU_A,S1,6
2015-11-26,SKU_A,S2,5
2015-11-26,SKU_B,S1,6
2015-11-26,SKU_B,S2,6
2015-11-26,SKU_C,S1,4
2015-11-26,SKU_C,S2,3
2015-11-27,SKU_A,S1,7
2015-11-27,SKU_A,S2,6
2015-11-27,SKU_B,S1,6
2015-11-27,SKU_B,S2,6
2015-11-27,SKU_C,S1,3
2015-11-27,SKU_C,S2,3
2015-11-28,SKU_A,S1,6
2015-11-28,SKU_A,S2,5
2015-11-28,SKU_B,S1,6
2015-11-28,SKU_B,S2,6
2015-11-28,SKU_C,S1,3
2015-11-28,SKU_C,S2,3
2015-11-29,SKU_A,S1,6
2015-11-29,SKU_A,S2,6
2015-11-29,SKU_B,S1,6
2015-11-29,SKU_B,S2,6
2015-11-29,SKU_C,S1,4
2015-11-29,SKU_C,S2,3
2015-11-30,SKU_A,S1,6
2015-11-30,SKU_A,S2,6
2015-11-30,SKU_B,S1,7
2015-11-30,SKU_B,S2,6
2015-11-30,SKU_C,S1,4
2015-11-30,SKU_C,S2,3
2015-12-01,SKU_A,S1,6
2015-12-01,SKU_A,S2,5
2015-12-01,SKU_B,S1,8
2015-12-01,SKU_B,S2,7
2015-12-01,SKU_C,S1,4
2015-12-01,SKU_C,S2,4
2015-12-02,SKU_A,S1,6
2015-12-02,SKU_A,S2,6
2015-12-02,SKU_B,S1,8
2015-12-02,SKU_B,S2,7
2015-12-02,SKU_C,S1,3
2015-12-02,SKU_C,S2,2
2015-12-03,SKU_A,S1,7
2015-12-03,SKU_A,S2,6
2015-12-03,SKU_B,S1,9
2015-12-03,SKU_B,S2,8
2015-12-03,SKU_C,S1,3
2015-12-03,SKU_C,S2,2
2015-12-04,SKU_A,S1,7
2015-12-04,SKU_A,S2,6
2015-12-04,SKU_B,S1,8
2015-12-04,SKU_B,S2,8
2015-12-04,SKU_C,S1,3
2015-12-04,SKU_C,S2,2
2015-12-05,SKU_A,S1,6
2015-12-05,SKU_A,S2,6
2015-12-05,SKU_B,S1,9
2015-12-05,SKU_B,S2,8
2015-12-05,SKU_C,S1,3
2015-12-05,SKU_C,S2,3
2015-12-06,SKU_A,S1,7
2015-12-06,SKU_A,S2,6
2015-12-06,SKU_B,S1,9
2015-12-06,SKU_B,S2,8
2015-12-06,SKU_C,S1,3
2015-12-06,SKU_C,S2,3
2015-12-07,SKU_A,S1,6
2015-12-07,SKU_A,S2,6
2015-12-07,SKU_B,S1,9
2015-12-07,SKU_B,S2,8
2015-12-07,SKU_C,S1,3
2015-12-07,SKU_C,S2,3
2015-12-08,SKU_A,S1,6
2015-12-08,SKU_A,S2,6
2015-12-08,SKU_B,S1,9
2015-12-08,SKU_B,S2,9
2015-12-08,SKU_C,S1,4
2015-12-08,SKU_C,S2,3
2015-12-09,SKU_A,S1,6
2015-12-09,SKU_A,S2,6
2015-12-09,SKU_B,S1,8
2015-12-09,SKU_B,S2,8
2015-12-09,SKU_C,S1,3
2015-12-09,SKU_C,S2,3
2015-12-10,SKU_A,S1,6
2015-12-10,SKU_A,S2,6
2015-12-10,SKU_B,S1,9
2015-12-10,SKU_B,S2,8
2015-12-10,SKU_C,S1,4
2015-12-10,SKU_C,S2,4
2015-12-11,SKU_A,S1,6
2015-12-11,SKU_A,S2,5
2015-12-11,SKU_B,S1,9
2015-12-11,SKU_B,S2,8
2015-12-11,SKU_C,S1,4
2015-12-11,SKU_C,S2,3
2015-12-12,SKU_A,S1,6
2015-12-12,SKU_A,S2,6
2015-12-12,SKU_B,S1,10
2015-12-12,SKU_B,S2,9
2015-12-12,SKU_C,S1,3
2015-12-12,SKU_C,S2,3
2015-12-13,SKU_A,S1,6
2015-12-13,SKU_A,S2,6
2015-12-13,SKU_B,S1,8
2015-12-13,SKU_B,S2,8
2015-12-13,SKU_C,S1,3
2015-12-13,SKU_C,S2,3
2015-12-14,SKU_A,S1,6
2015-12-14,SKU_A,S2,6
2015-12-14,SKU_B,S1,9
2015-12-14,SKU_B,S2,9
2015-12-14,SKU_C,S1,3
2015-12-14,SKU_C,S2,3
2015-12-15,SKU_A,S1,7
2015-12-15,SKU_A,S2,6
2015-12-15,SKU_B,S1,9
2015-12-15,SKU_B,S2,8
2015-12-15,SKU_C,S1,3
2015-12-15,SKU_C,S2,3
2015-12-16,SKU_A,S1,8
2015-12-16,SKU_A,S2,7
2015-12-16,SKU_B,S1,9
2015-12-16,SKU_B,S2,8
2015-12-16,SKU_C,S1,3
2015-12-16,SKU_C,S2,2
2015-12-17,SKU_A,S1,6
2015-12-17,SKU_A,S2,5
2015-12-17,SKU_B,S1,8
2015-12-17,SKU_B,S2,8
2015-12-17,SKU_C,S1,4
2015-12-17,SKU_C,S2,3
2015-12-18,SKU_A,S1,6
2015-12-18,SKU_A,S2,6
2015-12-18,SKU_B,S1,9
2015-12-18,SKU_B,S2,8
2015-12-18,SKU_C,S1,3
2015-12-18,SKU_C,S2,3
2015-12-19,SKU_A,S1,7
2015-12-19,SKU_A,S2,6
2015-12-19,SKU_B,S1,8
2015-12-19,SKU_B,S2,8
2015-12-19,SKU_C,S1,3
2015-12-19,SKU_C,S2,2
2015-12-20,SKU_A,S1,6
2015-12-20,SKU_A,S2,6
2015-12-20,SKU_B,S1,9
2015-12-20,SKU_B,S2,9
2015-12-20,SKU_C,S1,3
2015-12-20,SKU_C,S2,3
2015-12-21,SKU_A,S1,6
2015-12-21,SKU_A,S2,5
2015-12-21,SKU_B,S1,9
2015-12-21,SKU_B,S2,9
2015-12-21,SKU_C,S1,3
2015-12-21,SKU_C,S2,2
2015-12-22,SKU_A,S1,6
2015-12-22,SKU_A,S2,5
2015-12-22,SKU_B,S1,8
2015-12-22,SKU_B,S2,8
2015-12-22,SKU_C,S1,4
2015-12-22,SKU_C,S2,3
2015-12-23,SKU_A,S1,7
2015-12-23,SKU_A,S2,6
2015-12-23,SKU_B,S1,9
2015-12-23,SKU_B,S2,9
2015-12-23,SKU_C,S1,4
2015-12-23,SKU_C,S2,3
2015-12-24,SKU_A,S1,8
2015-12-24,SKU_A,S2,7
2015-12-24,SKU_B,S1,8
2015-12-24,SKU_B,S2,7
2015-12-24,SKU_C,S1,3
2015-12-24,SKU_C,S2,2
2015-12-25,SKU_A,S1,6
2015-12-25,SKU_A,S2,5
2015-12-25,SKU_B,S1,8
2015-12-25,SKU_B,S2,8
2015-12-25,SKU_C,S1,3
2015-12-25,SKU_C,S2,2
2015-12-26,SKU_A,S1,6
2015-12-26,SKU_A,S2,6
2015-12-26,SKU_B,S1,8
2015-12-26,SKU_B,S2,8
2015-12-26,SKU_C,S1,3
2015-12-26,SKU_C,S2,3
2015-12-27,SKU_A,S1,6
2015-12-27,SKU_A,S2,6
2015-12-27,SKU_B,S1,9
2015-12-27,SKU_B,S2,8
2015-12-27,SKU_C,S1,4
2015-12-27,SKU_C,S2,3
2015-12-28,SKU_A,S1,7
2015-12-28,SKU_A,S2,6
2015-12-28,SKU_B,S1,9
2015-12-28,SKU_B,S2,8
2015-12-28,SKU_C,S1,4
2015-12-28,SKU_C,S2,4
2015-12-29,SKU_A,S1,6
2015-12-29,SKU_A,S2,6
2015-12-29,SKU_B,S1,8
2015-12-29,SKU_B,S2,7
2015-12-29,SKU_C,S1,3
2015-12-29,SKU_C,S2,2
2015-12-30,SKU_A,S1,5
2015-12-30,SKU_A,S2,5
2015-12-30,SKU_B,S1,9
2015-12-30,SKU_B,S2,8
2015-12-30,SKU_C,S1,3
2015-12-30,SKU_C,S2,3
2015-12-31,SKU_A,S1,6
2015-12-31,SKU_A,S2,6
2015-12-31,SKU_B,S1,10
2015-12-31,SKU_B,S2,9
2015-12-31,SKU_C,S1,4
2015-12-31,SKU_C,S2,3
